precision,recall,f1,fpr,balanced_accuracy,n_test,n_attack,n_normal,roc_auc,pr_auc,fold_id,held_out_run,model,condition,clean_f1,clean_roc_auc,abs_f1_drop,abs_auc_drop
0.720196640721016,0.8967100229533282,0.7988185845734409,0.8288834951456311,0.5339132639038486,5569,3921,1648,0.6779583980211111,0.8523441477311706,1,10,Logistic Regression,relay_loss_R1,0.8250753985351141,0.6951316102242592,0.02625681396167323,0.017173212203148047
0.71521268925739,0.7589900535577658,0.7364513734224202,0.7190533980582524,0.5199683277497567,5569,3921,1648,0.5689062565771066,0.7786077651846934,1,10,Logistic Regression,relay_loss_R2,0.8250753985351141,0.6951316102242592,0.08862402511269396,0.1262253536471526
0.7209723299715541,0.7110431012496812,0.7159732922444787,0.6547330097087378,0.5281550457704717,5569,3921,1648,0.5572234582024103,0.7521314793141156,1,10,Logistic Regression,relay_loss_R3,0.8250753985351141,0.6951316102242592,0.10910210629063544,0.13790815202184892
0.7078031212484994,0.7518490181076256,0.7291615137274301,0.7384708737864077,0.506689072160609,5569,3921,1648,0.5689404575313906,0.7735745137385814,1,10,Logistic Regression,relay_loss_R4,0.8250753985351141,0.6951316102242592,0.09591388480768404,0.12619115269286862
0.7365010799136069,0.9566437133384341,0.8322609274461948,0.8143203883495146,0.5711616624944598,5569,3921,1648,0.6904873991923003,0.8231180500172612,1,10,Random Forest,relay_loss_R1,0.799905112086348,0.682168287884753,-0.032355815359846885,-0.008319111307547256
0.7363013698630136,0.9321601632236675,0.8227349465391108,0.7942961165048543,0.5689320233594065,5569,3921,1648,0.683592579661915,0.8369909965125811,1,10,Random Forest,relay_loss_R2,0.799905112086348,0.682168287884753,-0.022829834452762876,-0.0014242917771619679
0.72775486152033,0.944912012241775,0.822237017310253,0.8410194174757282,0.5519462973830235,5569,3921,1648,0.6744148077442101,0.8300497418648937,1,10,Random Forest,relay_loss_R3,0.799905112086348,0.682168287884753,-0.022331905223905046,0.00775348014054289
0.710795902285264,0.9201734251466462,0.8020451261531621,0.8907766990291263,0.51469836305876,5569,3921,1648,0.5791687868163213,0.7827460621759114,1,10,Random Forest,relay_loss_R4,0.799905112086348,0.682168287884753,-0.0021400140668141887,0.1029995010684317
0.731576780568135,0.90640142820709,0.8096594145119034,0.7912621359223301,0.5575696461423799,5569,3921,1648,0.6880788627579154,0.8434270872031164,1,10,XGBoost,relay_loss_R1,0.7948442534908701,0.6980697198059738,-0.014815161021033307,0.009990857048058355
0.7573200992555831,0.7783728640652895,0.76770217582694,0.5934466019417476,0.592463131061771,5569,3921,1648,0.6848247425488346,0.8528721843900331,1,10,XGBoost,relay_loss_R2,0.7948442534908701,0.6980697198059738,0.027142077663930064,0.013244977257139134
0.7252124645892352,0.9140525376179546,0.8087555003949002,0.8240291262135923,0.5450117057021812,5569,3921,1648,0.6305448877465873,0.812804739538446,1,10,XGBoost,relay_loss_R3,0.7948442534908701,0.6980697198059738,-0.013911246904030117,0.06752483205938642
0.7231337161607875,0.8992603927569498,0.8016369216778447,0.8191747572815534,0.5400428177376982,5569,3921,1648,0.6457996740231218,0.8302324690917373,1,10,XGBoost,relay_loss_R4,0.7948442534908701,0.6980697198059738,-0.00679266818697466,0.05227004578285199
0.7408376963350786,0.7939301198673808,0.7664655915302229,0.6608009708737864,0.5665645744967972,5569,3921,1648,0.6083990734481742,0.7827185463524029,1,10,Compact MLP,relay_loss_R1,0.8109645131938126,0.689953028626044,0.04449892166358971,0.08155395517786979
0.7212931995540691,0.8250446314715634,0.7696883178681894,0.758495145631068,0.5332747429202477,5569,3921,1648,0.6047773316694027,0.791861955590271,1,10,Compact MLP,relay_loss_R2,0.8109645131938126,0.689953028626044,0.04127619532562321,0.08517569695664129
0.7227848101265822,0.8737566947207345,0.7911326636647038,0.7973300970873787,0.5382132988166779,5569,3921,1648,0.6354834436430176,0.8212267541756565,1,10,Compact MLP,relay_loss_R3,0.8109645131938126,0.689953028626044,0.01983184952910877,0.05446958498302645
0.7272727272727273,0.816118337158888,0.7691383247205865,0.7281553398058253,0.5439814986765314,5569,3921,1648,0.5960138400893372,0.7778408577732999,1,10,Compact MLP,relay_loss_R4,0.8109645131938126,0.689953028626044,0.041826188473226056,0.0939391885367068
0.7283766510438858,0.8971398583049068,0.8039976484420929,0.7948877805486284,0.5511260388781392,5415,3811,1604,0.6896904288740233,0.8591790204760836,2,3,Logistic Regression,relay_loss_R1,0.8238542241855329,0.6973161755804663,0.01985657574344002,0.007625746706443004
0.7071161048689139,0.7431120440829179,0.7246673490276356,0.7312967581047382,0.5059076429890899,5415,3811,1604,0.5340689211110246,0.7246848878281944,2,3,Logistic Regression,relay_loss_R2,0.8238542241855329,0.6973161755804663,0.09918687515789726,0.16324725446944177
0.7168811506434519,0.7454736289687746,0.7308978646771289,0.699501246882793,0.5229861910429907,5415,3811,1604,0.5444977820471126,0.7390726158532004,2,3,Logistic Regression,relay_loss_R3,0.8238542241855329,0.6973161755804663,0.09295635950840397,0.1528183935333537
0.7132319041032734,0.8118604040934138,0.7593569763161124,0.7755610972568578,0.5181496534182779,5415,3811,1604,0.570186970254762,0.7685803757549825,2,3,Logistic Regression,relay_loss_R4,0.8238542241855329,0.6973161755804663,0.06449724786942046,0.12712920532570438
0.7402200488997555,0.9532930989241669,0.8333524486753068,0.7948877805486284,0.5792026591877693,5415,3811,1604,0.6799658227823253,0.8132602163554455,2,3,Random Forest,relay_loss_R1,0.8146980354111084,0.6750586960831979,-0.018654413264198366,-0.0049071266991274065
0.7341849148418491,0.9501443190763579,0.8283197986960997,0.8173316708229427,0.5664063241267077,5415,3811,1604,0.6847936083433506,0.8352558826184842,2,3,Random Forest,relay_loss_R2,0.8146980354111084,0.6750586960831979,-0.013621763284991317,-0.009734912260152662
0.7338725985844288,0.9522435056415639,0.828917313841937,0.8204488778054863,0.5658973139180388,5415,3811,1604,0.6442720442399643,0.8137031068684251,2,3,Random Forest,relay_loss_R3,0.8146980354111084,0.6750586960831979,-0.014219278430828597,0.030786651843233592
0.7275869079081114,0.9391235896090265,0.8199312714776632,0.8354114713216958,0.5518560591436654,5415,3811,1604,0.6303281255009943,0.8048723365527806,2,3,Random Forest,relay_loss_R4,0.8146980354111084,0.6750586960831979,-0.005233236066554792,0.044730570582203644
0.7474613686534216,0.8884807137234322,0.8118930583862847,0.713216957605985,0.5876318780587235,5415,3811,1604,0.701037356752438,0.8553156074908708,2,3,XGBoost,relay_loss_R1,0.8133104966968436,0.7049734951521746,0.0014174383105589605,0.003936138399736611
0.7411819668301799,0.8325898714248229,0.7842313395946614,0.6907730673316709,0.570908402046576,5415,3811,1604,0.6728103154603651,0.8451791900575538,2,3,XGBoost,relay_loss_R2,0.8133104966968436,0.7049734951521746,0.02907915710218223,0.032163179691809485
0.74034936381281,0.9008134347940173,0.8127367424242424,0.7506234413965087,0.5750949966987543,5415,3811,1604,0.6096838067518163,0.7801881143794418,2,3,XGBoost,relay_loss_R3,0.8133104966968436,0.7049734951521746,0.0005737542726012013,0.09528968840035823
0.7336903602726388,0.790868538441354,0.7612072231342342,0.6820448877805486,0.5544118253304027,5415,3811,1604,0.638023152562048,0.8264880480148216,2,3,XGBoost,relay_loss_R4,0.8133104966968436,0.7049734951521746,0.052103273562609465,0.06695034259012655
0.7360576923076924,0.8034636578325899,0.768285033245515,0.6845386533665836,0.5594625022330032,5415,3811,1604,0.5956143327066746,0.773021064045956,2,3,Compact MLP,relay_loss_R1,0.8212945590994372,0.6895091711812047,0.05300952585392216,0.09389483847453006
0.7246758954076027,0.8653896615061664,0.7888065056206649,0.7811720698254364,0.542108795840365,5415,3811,1604,0.5869093011370812,0.7714849443249792,2,3,Compact MLP,relay_loss_R2,0.8212945590994372,0.6895091711812047,0.03248805347877226,0.10259987004412352
0.7498808956646021,0.8260299134085541,0.7861156199275815,0.6546134663341646,0.5857082235371948,5415,3811,1604,0.6258878845918528,0.7841020736628046,2,3,Compact MLP,relay_loss_R3,0.8212945590994372,0.6895091711812047,0.03517893917185566,0.06362128658935184
0.7319741422178021,0.7725006559958016,0.7516915613430358,0.672069825436409,0.5502154152796963,5415,3811,1604,0.6157430158531774,0.7938608787674923,2,3,Compact MLP,relay_loss_R4,0.8212945590994372,0.6895091711812047,0.06960299775640133,0.07376615532802733
0.698019801980198,0.9084033613445378,0.7894352482960078,0.7926553672316384,0.5578739970564497,5340,3570,1770,0.6701960784313725,0.8228200535257957,3,9,Logistic Regression,relay_loss_R1,0.8013305804083506,0.7097065945022076,0.011895332112342838,0.03951051607083511
0.7056519306099608,0.7064425770308124,0.706047032474804,0.5943502824858757,0.5560461472724684,5340,3570,1770,0.5871444396967826,0.7441062062201105,3,9,Logistic Regression,relay_loss_R2,0.8013305804083506,0.7097065945022076,0.09528354793354654,0.12256215480542498
0.6712765957446809,0.7070028011204482,0.6886766712141883,0.6983050847457627,0.5043488581873428,5340,3570,1770,0.4893060501036573,0.6689954527099549,3,9,Logistic Regression,relay_loss_R3,0.8013305804083506,0.7097065945022076,0.1126539091941623,0.22040054439855034
0.7005693581780539,0.7582633053221288,0.7282754909873554,0.6536723163841808,0.552295494468974,5340,3570,1770,0.6168955039642976,0.7588620788007375,3,9,Logistic Regression,relay_loss_R4,0.8013305804083506,0.7097065945022076,0.07305508942099515,0.09281109053791003
0.7219846022241232,0.9456582633053221,0.8188212466650497,0.7344632768361582,0.605597493234582,5340,3570,1770,0.7038954564876798,0.8130716081117824,3,9,Random Forest,relay_loss_R1,0.7962414725189857,0.7273101330927851,-0.022579774146064047,0.023414676605105322
0.7102783725910065,0.9291316526610645,0.8050970873786408,0.764406779661017,0.5823624365000237,5340,3570,1770,0.7073599835414393,0.8348903623601163,3,9,Random Forest,relay_loss_R2,0.7962414725189857,0.7273101330927851,-0.008855614859655137,0.019950149551345886
0.7134315609651932,0.9358543417366947,0.8096449775839089,0.7581920903954802,0.5888311256706072,5340,3570,1770,0.7202118248429314,0.8339130481257504,3,9,Random Forest,relay_loss_R3,0.7962414725189857,0.7273101330927851,-0.01340350506492316,0.007098308249853691
0.7072432432432433,0.9162464985994397,0.7982916412446613,0.7649717514124293,0.5756373735935052,5340,3570,1770,0.6023525455379892,0.7551144655280096,3,9,Random Forest,relay_loss_R4,0.7962414725189857,0.7273101330927851,-0.0020501687256756496,0.12495758755479591
0.7333803147756636,0.8745098039215686,0.7977513734508752,0.6412429378531074,0.6166334330342307,5340,3570,1770,0.7322519742360221,0.8572521367187093,3,9,XGBoost,relay_loss_R1,0.8014676975494692,0.7607711785279083,0.003716324098594015,0.028519204291886258
0.7267525035765379,0.853781512605042,0.7851622874806801,0.6474576271186441,0.6031619427431989,5340,3570,1770,0.7176142208295747,0.8501967300860118,3,9,XGBoost,relay_loss_R2,0.8014676975494692,0.7607711785279083,0.01630541006878916,0.04315695769833361
0.7133992185704435,0.869467787114846,0.7837394268400455,0.7045197740112994,0.5824740065517733,5340,3570,1770,0.6970432353732453,0.8281269443721475,3,9,XGBoost,relay_loss_R3,0.8014676975494692,0.7607711785279083,0.017728270709423732,0.06372794315466301
0.7095579726915066,0.8588235294117647,0.7770878215688759,0.7090395480225988,0.5748919906945829,5340,3570,1770,0.6714303122378895,0.8180305766298225,3,9,XGBoost,relay_loss_R4,0.8014676975494692,0.7607711785279083,0.024379875980593324,0.0893408662900188
0.7493975903614458,0.6969187675070028,0.7222060957910015,0.47005649717514125,0.6134311351659307,5340,3570,1770,0.6644563135988859,0.7962223517010207,3,9,Compact MLP,relay_loss_R1,0.8057589673575772,0.7152487774770926,0.08355287156657576,0.050792463878206684
0.7006060606060606,0.8095238095238095,0.751137102014295,0.6977401129943502,0.5558918482647296,5340,3570,1770,0.6265141084682462,0.7683154674198107,3,9,Compact MLP,relay_loss_R2,0.8057589673575772,0.7152487774770926,0.05462186534328228,0.08873466900884641
0.7102952913008779,0.7478991596638656,0.7286123618501842,0.6152542372881356,0.566322461187865,5340,3570,1770,0.6433961607241766,0.7846259437109986,3,9,Compact MLP,relay_loss_R3,0.8057589673575772,0.7152487774770926,0.07714660550739305,0.07185261675291599
0.6926386233269598,0.8117647058823529,0.7474851689450606,0.7265536723163842,0.5426055167829844,5340,3570,1770,0.6061058095554606,0.7581814238797475,3,9,Compact MLP,relay_loss_R4,0.8057589673575772,0.7152487774770926,0.058273798412516675,0.10914296792163203
0.742183960126869,0.8687350835322196,0.8004886988393403,0.7370466321243523,0.5658442257039337,5315,3771,1544,0.6779540617447304,0.8500458783394914,4,8,Logistic Regression,relay_loss_R1,0.8299289019298047,0.6979094961136462,0.029440203090464467,0.01995543436891578
0.7216689098250336,0.7109520021214532,0.7162703713598718,0.6696891191709845,0.5206314414752343,5315,3771,1544,0.5246995065972524,0.7348749921836,4,8,Logistic Regression,relay_loss_R2,0.8299289019298047,0.6979094961136462,0.11365853056993291,0.17320998951639377
0.7347347347347347,0.7785733227260674,0.7560190549761813,0.6865284974093264,0.5460224126583705,5315,3771,1544,0.5561728242395264,0.7437319379262877,4,8,Logistic Regression,relay_loss_R3,0.8299289019298047,0.6979094961136462,0.07390984695362346,0.14173667187411976
0.7442273534635879,0.7777777777777778,0.7606327800829875,0.6528497409326425,0.5624640184225677,5315,3771,1544,0.5794888864156922,0.758267189140786,4,8,Logistic Regression,relay_loss_R4,0.8299289019298047,0.6979094961136462,0.06929612184681722,0.11842060969795398
0.7521729913080347,0.9408644921771413,0.8360037700282752,0.7571243523316062,0.5918700699227676,5315,3771,1544,0.674976693555811,0.8230040588470279,4,8,Random Forest,relay_loss_R1,0.8088844271552265,0.6875480040615387,-0.027119342873048735,0.012571310505727684
0.751801610852056,0.9405993105277115,0.8356696901873012,0.758419689119171,0.5910898107042702,5315,3771,1544,0.6982186457049504,0.8461223105517993,4,8,Random Forest,relay_loss_R2,0.8088844271552265,0.6875480040615387,-0.026785263032074735,-0.010670641643411694
0.7465399710803553,0.958366481039512,0.8392940083604273,0.7946891191709845,0.5818386809342638,5315,3771,1544,0.6953881235719006,0.8349920151366275,4,8,Random Forest,relay_loss_R3,0.8088844271552265,0.6875480040615387,-0.030409581205200875,-0.007840119510361898
0.7283372365339579,0.9071864226995492,0.8079829948039678,0.8264248704663213,0.540380776116614,5315,3771,1544,0.6109378155902078,0.788557109005255,4,8,Random Forest,relay_loss_R4,0.8088844271552265,0.6875480040615387,0.0009014323512586131,0.07661018847133094
0.7507318171582977,0.8841156191991514,0.8119824646858256,0.7169689119170984,0.5835733536410265,5315,3771,1544,0.6600944039801979,0.8286750091993973,4,8,XGBoost,relay_loss_R1,0.8010616784630941,0.6987582834915492,-0.010920786222731516,0.03866387951135131
0.7646780303030303,0.856536727658446,0.8080050031269543,0.6437823834196891,0.6063771721193785,5315,3771,1544,0.6825985191047578,0.8477707576587263,4,8,XGBoost,relay_loss_R2,0.8010616784630941,0.6987582834915492,-0.006943324663860273,0.016159764386791453
0.7445339470655926,0.8578626359055953,0.7971907343518975,0.7189119170984456,0.5694753594035749,5315,3771,1544,0.6455502038326306,0.8025275443392794,4,8,XGBoost,relay_loss_R3,0.8010616784630941,0.6987582834915492,0.0038709441111965948,0.053208079658918606
0.739341727413298,0.8875629806417396,0.8067004097372861,0.7642487046632125,0.5616571379892635,5315,3771,1544,0.6549774629947939,0.8209869370813292,4,8,XGBoost,relay_loss_R4,0.8010616784630941,0.6987582834915492,-0.00563873127419201,0.04378082049675536
0.7697907188353048,0.6730310262529833,0.7181663837011885,0.49158031088082904,0.5907253576860771,5315,3771,1544,0.6019283377507374,0.7529324578961323,4,8,Compact MLP,relay_loss_R1,0.8050584586017657,0.6723995023378578,0.08689207490057727,0.07047116458712044
0.7385955920041004,0.7642535136568549,0.7512055258699335,0.6606217616580311,0.5518158759994118,5315,3771,1544,0.5856273091756973,0.7569420082828631,4,8,Compact MLP,relay_loss_R2,0.8050584586017657,0.6723995023378578,0.053852932731832226,0.08677219316216056
0.7661290322580645,0.7053831874834261,0.7345022780615766,0.5259067357512953,0.5897382258660654,5315,3771,1544,0.644899615692708,0.8090173636353464,4,8,Compact MLP,relay_loss_R3,0.8050584586017657,0.6723995023378578,0.07055618054018908,0.027499886645149796
0.7282455646296818,0.6857597454256166,0.7063643813165802,0.625,0.5303798727128083,5315,3771,1544,0.5596103959450565,0.7441484524506425,4,8,Compact MLP,relay_loss_R4,0.8050584586017657,0.6723995023378578,0.09869407728518553,0.11278910639280137
0.6648374841705361,0.9224011713030746,0.7727216975346498,0.8533046749059645,0.5345482481985551,5276,3415,1861,0.6886692477084141,0.8213890232103216,5,15,Logistic Regression,relay_loss_R1,0.7842630651790957,0.7156952881171115,0.01154136764444591,0.027026040408697383
0.6771736275282375,0.7549048316251831,0.7139296593741346,0.6603976356797421,0.5472535979727204,5276,3415,1861,0.6320201280345664,0.7724938795309542,5,15,Logistic Regression,relay_loss_R2,0.7842630651790957,0.7156952881171115,0.07033340580496117,0.08367516008254505
0.6132102682434382,0.6225475841874085,0.6178436501017146,0.7205803331542182,0.4509836255165952,5276,3415,1861,0.46685231180515835,0.6467451983541037,5,15,Logistic Regression,relay_loss_R3,0.7842630651790957,0.7156952881171115,0.16641941507738112,0.24884297631195312
0.6917628541448059,0.7721815519765739,0.7297633872976339,0.631380977968834,0.57040028700387,5276,3415,1861,0.6248741407782306,0.7461416860892711,5,15,Logistic Regression,relay_loss_R4,0.7842630651790957,0.7156952881171115,0.05449967788146182,0.09082114733888091
0.6975885292200739,0.9402635431918008,0.8009478672985783,0.7479849543256314,0.5961392944330848,5276,3415,1861,0.67641627519643,0.7558904082135595,5,15,Random Forest,relay_loss_R1,0.7870641469257387,0.720690634531884,-0.01388372037283958,0.04427435933545398
0.6941125353030633,0.9355783308931186,0.7969568470940385,0.7565824825362708,0.5894979241784238,5276,3415,1861,0.710747382309138,0.8099811387383372,5,15,Random Forest,relay_loss_R2,0.7870641469257387,0.720690634531884,-0.009892700168299795,0.009943252222745946
0.6978233034571063,0.9575402635431918,0.8073077397852118,0.7608812466415905,0.5983295084508006,5276,3415,1861,0.7148901352647351,0.7946197962258048,5,15,Random Forest,relay_loss_R3,0.7870641469257387,0.720690634531884,-0.02024359285947308,0.005800499267148873
0.6682515668899935,0.9054172767203514,0.7689629445411589,0.8248253627082214,0.540295957006065,5276,3415,1861,0.5666048811113218,0.7088386975690707,5,15,Random Forest,relay_loss_R4,0.7870641469257387,0.720690634531884,0.018101202384579795,0.1540857534205622
0.7032287611632699,0.8992679355783308,0.7892572603443845,0.6963997850617948,0.6014340752582681,5276,3415,1861,0.7253292716411383,0.8280669249750787,5,15,XGBoost,relay_loss_R1,0.7867755320572882,0.7414479848756513,-0.002481728287096252,0.016118713234513082
0.727510460251046,0.8146412884333821,0.7686144495096008,0.5599140247178936,0.6273636318577442,5276,3415,1861,0.7221634175489334,0.8311802673132381,5,15,XGBoost,relay_loss_R2,0.7867755320572882,0.7414479848756513,0.018161082547687446,0.019284567326717905
0.6669337071900661,0.9751098096632503,0.7921027592768791,0.8936055883933369,0.5407521106349568,5276,3415,1861,0.6912207341414233,0.8009205928066945,5,15,XGBoost,relay_loss_R3,0.7867755320572882,0.7414479848756513,-0.005327227219590891,0.05022725073422807
0.6663776284413614,0.9001464128843338,0.7658196312904834,0.8269747447608813,0.5365858340617263,5276,3415,1861,0.6259406496766879,0.7834474059956476,5,15,XGBoost,relay_loss_R4,0.7867755320572882,0.7414479848756513,0.02095590076680487,0.11550733519896339
0.7379501385041551,0.7800878477306002,0.7584341637010676,0.5083288554540569,0.6358794961382717,5276,3415,1861,0.6842395695571344,0.7846911861704826,5,15,Compact MLP,relay_loss_R1,0.7871225355627651,0.721578552754663,0.02868837186169748,0.0373389831975286
0.6904761904761905,0.7982430453879942,0.7404590520168409,0.6566362170875873,0.5708034141502034,5276,3415,1861,0.6552740501454295,0.7823006607224503,5,15,Compact MLP,relay_loss_R2,0.7871225355627651,0.721578552754663,0.0466634835459242,0.06630450260923348
0.7024892292963141,0.8594436310395315,0.7730804688528908,0.6679204728640515,0.59576157908774,5276,3415,1861,0.6817336355475693,0.7923360291458832,5,15,Compact MLP,relay_loss_R3,0.7871225355627651,0.721578552754663,0.01404206670987429,0.03984491720709371
0.6596794081381011,0.7833089311859444,0.7161981258366801,0.7415368081676518,0.5208860615091463,5276,3415,1861,0.5679726339292388,0.7236935786073578,5,15,Compact MLP,relay_loss_R4,0.7871225355627651,0.721578552754663,0.07092440972608505,0.15360591882542418
0.7860880941997384,0.8754249635745508,0.8283547794117647,0.8508239375542064,0.5123005130101722,5271,4118,1153,0.6440133157710506,0.8787739803688841,6,13,Logistic Regression,relay_loss_R1,0.8759345541228736,0.6542941592492418,0.04757977471110886,0.010280843478191248
0.79125138427464,0.694026226323458,0.7394566623544632,0.6539462272333044,0.5200399995450768,5271,4118,1153,0.5701029305900902,0.8280737956440642,6,13,Logistic Regression,relay_loss_R2,0.8759345541228736,0.6542941592492418,0.1364778917684104,0.08419122865915163
0.7937631027253669,0.7355512384652744,0.7635492815729771,0.6825672159583694,0.5264920112534525,5271,4118,1153,0.525604805674072,0.7988498159504391,6,13,Logistic Regression,relay_loss_R3,0.8759345541228736,0.6542941592492418,0.1123852725498965,0.12868935357516986
0.7962913195377587,0.7195240407965031,0.755963770889144,0.6574154379878577,0.5310543014043226,5271,4118,1153,0.562696211963891,0.8284889751289664,6,13,Logistic Regression,relay_loss_R4,0.8759345541228736,0.6542941592492418,0.11997078323372956,0.09159794728535087
0.8107030430220357,0.9380767362797474,0.8697512101767421,0.782307025151778,0.5778848555639847,5271,4118,1153,0.679590943995161,0.8741454317685621,6,13,Random Forest,relay_loss_R1,0.8308243727598567,0.6486549015659888,-0.03892683741688541,-0.03093604242917214
0.8090032154340836,0.9164643030597377,0.8593874530342708,0.7727666955767563,0.5718488037414907,5271,4118,1153,0.6501150787248839,0.8727803802039487,6,13,Random Forest,relay_loss_R2,0.8308243727598567,0.6486549015659888,-0.02856308027441412,-0.0014601771588951262
0.8112201365187713,0.9235065565808644,0.8637292754939814,0.7675628794449263,0.5779718385679691,5271,4118,1153,0.637985899065175,0.8555176346216383,6,13,Random Forest,relay_loss_R3,0.8308243727598567,0.6486549015659888,-0.03290490273412472,0.010669002500813818
0.7956630525437864,0.9266634288489558,0.8561812878617905,0.849956634865568,0.5383533969916938,5271,4118,1153,0.5706559992788625,0.8290674954639891,6,13,Random Forest,relay_loss_R4,0.8308243727598567,0.6486549015659888,-0.02535691510193383,0.07799890228712636
0.8083653435766112,0.9198640116561437,0.8605179463880055,0.7788378143972247,0.5705130986294595,5271,4118,1153,0.7113035150821789,0.9059129597491915,6,13,XGBoost,relay_loss_R1,0.8417308832246592,0.7029166054135021,-0.01878706316334633,-0.008386909668676834
0.8178266178266178,0.8132588635259835,0.8155363448191891,0.6470078057241977,0.5831255289008929,5271,4118,1153,0.682786884900635,0.8945831421741418,6,13,XGBoost,relay_loss_R2,0.8417308832246592,0.7029166054135021,0.026194538405470036,0.0201297205128671
0.8057914217287176,0.8987372510927635,0.8497302261508438,0.7736339982653946,0.5625516264136844,5271,4118,1153,0.6426612881824849,0.8665089867382161,6,13,XGBoost,relay_loss_R3,0.8417308832246592,0.7029166054135021,-0.00799934292618465,0.06025531723101718
0.7938393839383938,0.8761534725594949,0.8329677940667205,0.8126626192541196,0.5317454266526876,5271,4118,1153,0.6045314564661648,0.8575681912035329,6,13,XGBoost,relay_loss_R4,0.8417308832246592,0.7029166054135021,0.008763089157938664,0.0983851489473373
0.8291173304628633,0.7481787275376396,0.7865713556293081,0.5507372072853426,0.5987207601261485,5271,4118,1153,0.6463485882848005,0.869341102653566,6,13,Compact MLP,relay_loss_R1,0.8602395892755277,0.6835080224445637,0.07366823364621955,0.037159434159763194
0.8151088348271447,0.7729480330257407,0.7934687772653621,0.6261925411968777,0.5733777459144315,5271,4118,1153,0.6374436769253256,0.8603829897587874,6,13,Compact MLP,relay_loss_R2,0.8602395892755277,0.6835080224445637,0.06677081201016555,0.046064345519238103
0.8086172344689379,0.7838756677999029,0.7960542540073983,0.6626192541196878,0.5606282068401076,5271,4118,1153,0.6558969211386392,0.8743795414961433,6,13,Compact MLP,relay_loss_R3,0.8602395892755277,0.6835080224445637,0.06418533526812942,0.02761110130592448
0.7963883800052343,0.7389509470616804,0.7665952890792291,0.6747614917606245,0.532094727650528,5271,4118,1153,0.563767177037161,0.8276430887247136,6,13,Compact MLP,relay_loss_R4,0.8602395892755277,0.6835080224445637,0.09364430019629855,0.11974084540740271
0.7958251793868232,0.9221466364323507,0.8543417366946778,0.7324492979719188,0.594848669230216,5251,3969,1282,0.7218702353536319,0.8852274980205995,7,11,Logistic Regression,relay_loss_R1,0.8628747795414462,0.7121722208268528,0.008533042846768368,-0.009698014526779097
0.7871666226564563,0.7510707986898463,0.7686952037132543,0.6287051482059283,0.5611828252419591,5251,3969,1282,0.5705691417377028,0.7890132711832449,7,11,Logistic Regression,relay_loss_R2,0.8628747795414462,0.7121722208268528,0.09417957582819192,0.14160307908915004
0.7438082556591211,0.7037037037037037,0.7232004142931123,0.750390015600624,0.47665684405153985,5251,3969,1282,0.48329064681861655,0.747672278645539,7,11,Logistic Regression,relay_loss_R3,0.8628747795414462,0.7121722208268528,0.13967436524833388,0.22888157400823628
0.7701180257510729,0.7233560090702947,0.7460049369884371,0.6684867394695788,0.527434634800358,5251,3969,1282,0.5779726578329951,0.8033302334510463,7,11,Logistic Regression,relay_loss_R4,0.8628747795414462,0.7121722208268528,0.11686984255300914,0.1341995629938577
0.7750822368421053,0.9498614260519023,0.8536171176270803,0.8533541341653667,0.5482536459432679,5251,3969,1282,0.6498390018745118,0.8423637156963767,7,11,Random Forest,relay_loss_R1,0.831573896353167,0.6622332240228384,-0.022043221273913227,0.012394222148326528
0.7804249839021249,0.9160997732426304,0.8428372739916551,0.7979719188767551,0.5590639271829376,5251,3969,1282,0.6487337120091001,0.851724422219755,7,11,Random Forest,relay_loss_R2,0.831573896353167,0.6622332240228384,-0.011263377638488059,0.013499512013738224
0.7862054594707231,0.9506172839506173,0.8606295620437956,0.8003120124804992,0.575152635735059,5251,3969,1282,0.6663015122267778,0.8449045456386578,7,11,Random Forest,relay_loss_R3,0.831573896353167,0.6622332240228384,-0.029055665690628563,-0.004068288203939452
0.7632122213047069,0.9314688838498363,0.8389878588448882,0.8946957878315133,0.5183865480091615,5251,3969,1282,0.5429083981197496,0.7988500871202039,7,11,Random Forest,relay_loss_R4,0.831573896353167,0.6622332240228384,-0.0074139624917212155,0.1193248259030888
0.7740820734341253,0.9029982363315696,0.8335853006163507,0.8159126365054602,0.5435427999130547,5251,3969,1282,0.6628712616380695,0.8716704476427486,7,11,XGBoost,relay_loss_R1,0.810930576070901,0.6690918581565636,-0.0226547245454497,0.006220596518494048
0.799737876802097,0.7687074829931972,0.7839157245632066,0.5959438377535101,0.5863818226198436,5251,3969,1282,0.6541700519116758,0.8627993876311958,7,11,XGBoost,relay_loss_R2,0.810930576070901,0.6690918581565636,0.02701485150769445,0.014921806244887814
0.7858455882352942,0.8616780045351474,0.8220165845451268,0.7269890795631825,0.5673444624859825,5251,3969,1282,0.6362073228205016,0.8396955496994793,7,11,XGBoost,relay_loss_R3,0.810930576070901,0.6690918581565636,-0.011086008474225806,0.03288453533606195
0.7774217402021197,0.7946586041824137,0.7859456765512086,0.7043681747269891,0.5451452147277123,5251,3969,1282,0.5821881476921964,0.8242878911258368,7,11,XGBoost,relay_loss_R4,0.810930576070901,0.6690918581565636,0.024984899519692405,0.08690371046436718
0.8174518201284796,0.7694633408919124,0.7927319922128488,0.53198127925117,0.6187410308203711,5251,3969,1282,0.6635129350752261,0.8455266857925103,7,11,Compact MLP,relay_loss_R1,0.8385831314180224,0.643647000604136,0.045851139205173586,-0.019865934471090085
0.7678618857901727,0.7283950617283951,0.7476079648306181,0.6817472698907956,0.5233238959187997,5251,3969,1282,0.5745453552080103,0.8075010832541798,7,11,Compact MLP,relay_loss_R2,0.8385831314180224,0.643647000604136,0.09097516658740434,0.06910164539612573
0.7811120917917035,0.6689342403628118,0.7206840390879479,0.5803432137285491,0.5442955133171313,5251,3969,1282,0.5694711235161425,0.797871432679524,7,11,Compact MLP,relay_loss_R3,0.8385831314180224,0.643647000604136,0.11789909233007456,0.07417587708799356
0.7650951199338296,0.6991685563114135,0.7306477093206951,0.6645865834633385,0.5172909864240375,5251,3969,1282,0.5086816549003608,0.7612876936803292,7,11,Compact MLP,relay_loss_R4,0.8385831314180224,0.643647000604136,0.10793542209732732,0.13496534570377527
0.7627118644067796,0.9322250639386189,0.838991828748993,0.8552036199095022,0.5385107220145583,5236,3910,1326,0.6937463594526931,0.8775331980795467,8,7,Logistic Regression,relay_loss_R1,0.8502340093603744,0.7076236435947584,0.01124218061138138,0.013877284142065238
0.7821645499723909,0.7245524296675192,0.7522570366436537,0.5950226244343891,0.5647649026165651,5236,3910,1326,0.6039250404076641,0.820074531617455,8,7,Logistic Regression,relay_loss_R2,0.8502340093603744,0.7076236435947584,0.09797697271672068,0.10369860318709423
0.7576991600916264,0.761381074168798,0.7595356550580431,0.717948717948718,0.52171617811004,5236,3910,1326,0.5025546516068556,0.7481630243089448,8,7,Logistic Regression,relay_loss_R3,0.8502340093603744,0.7076236435947584,0.09069835430233131,0.20506899198790274
0.7697511476201981,0.8148337595907928,0.7916511367871786,0.7187028657616893,0.5480654469145518,5236,3910,1326,0.5957081081498112,0.8069450152672617,8,7,Logistic Regression,relay_loss_R4,0.8502340093603744,0.7076236435947584,0.05858287257319583,0.11191553544494715
0.775527249947797,0.9498721227621484,0.8538912518680308,0.8107088989441931,0.5695816119089776,5236,3910,1326,0.7135098540695051,0.8769020326448436,8,7,Random Forest,relay_loss_R1,0.8247193783150364,0.7180927968275644,-0.029171873552994443,0.004582942758059372
0.7768681780016793,0.9465473145780051,0.8533548535854277,0.801659125188537,0.5724440946947341,5236,3910,1326,0.7164550809503418,0.8822559374316644,8,7,Random Forest,relay_loss_R2,0.8247193783150364,0.7180927968275644,-0.028635475270391342,0.001637715877222612
0.7758902988129349,0.9695652173913043,0.8619827194179173,0.8257918552036199,0.5718866810938422,5236,3910,1326,0.7137654156685298,0.8744579100556528,8,7,Random Forest,relay_loss_R3,0.8247193783150364,0.7180927968275644,-0.037263341102880876,0.004327381159034638
0.7596613113330438,0.8948849104859335,0.821747299201503,0.834841628959276,0.5300216407633288,5236,3910,1326,0.5637754452558122,0.7978263313213416,8,7,Random Forest,relay_loss_R4,0.8247193783150364,0.7180927968275644,0.0029720791135333657,0.1543173515717522
0.7981843575418994,0.8769820971867007,0.8357299536924202,0.6538461538461539,0.6115679716702734,5236,3910,1326,0.7280292246743277,0.8873224357258086,8,7,XGBoost,relay_loss_R1,0.8304515487000871,0.7492360154764246,-0.005278404992333119,0.021206790802096864
0.7877196986989272,0.8826086956521739,0.8324689422265107,0.7013574660633484,0.5906256147944128,5236,3910,1326,0.7147859261745225,0.8881494993480115,8,7,XGBoost,relay_loss_R2,0.8304515487000871,0.7492360154764246,-0.0020173935264236054,0.034450089301902076
0.7811811370647862,0.9066496163682864,0.8392518939393939,0.748868778280543,0.5788904190438717,5236,3910,1326,0.6849591872948275,0.8590862082191388,8,7,XGBoost,relay_loss_R3,0.8304515487000871,0.7492360154764246,-0.00880034523930684,0.06427682818159708
0.7717011868745637,0.8480818414322251,0.8080906543194833,0.7398190045248869,0.5541314184536691,5236,3910,1326,0.6108176813908723,0.8309423058590937,8,7,XGBoost,relay_loss_R4,0.8304515487000871,0.7492360154764246,0.022360894380603735,0.13841833408555226
0.7972292191435768,0.809462915601023,0.8032994923857868,0.6070889894419306,0.6011869630795462,5236,3910,1326,0.6512014288304344,0.8335885259651286,8,7,Compact MLP,relay_loss_R1,0.8479369494668522,0.6955107953076962,0.04463745708106537,0.0443093664772618
0.780014552510308,0.8225063938618926,0.8006971243620067,0.6840120663650076,0.5692471637484425,5236,3910,1326,0.6282494898411853,0.823229696630276,8,7,Compact MLP,relay_loss_R2,0.8479369494668522,0.6955107953076962,0.04723982510484548,0.06726130546651088
0.7793190416141236,0.7902813299232737,0.7847619047619048,0.6598793363499246,0.5652009967866746,5236,3910,1326,0.6201685356416815,0.8197356852105562,8,7,Compact MLP,relay_loss_R3,0.8479369494668522,0.6955107953076962,0.06317504470494739,0.07534225966601471
0.75213896810993,0.7419437340153453,0.7470065662417922,0.7209653092006033,0.510489212407371,5236,3910,1326,0.547550080429575,0.7953887187646991,8,7,Compact MLP,relay_loss_R4,0.8479369494668522,0.6955107953076962,0.10093038322505998,0.14796071487812124
0.6870748299319728,0.6434984071821604,0.664573052190818,0.5714285714285714,0.5360349178767945,5224,3453,1771,0.5749368424546909,0.7374526113044684,9,12,Logistic Regression,relay_loss_R1,0.7870206489675516,0.6617605816789891,0.12244759677673367,0.0868237392242982
0.669702652022502,0.7240081088908196,0.6957973838018369,0.6962168266516092,0.5138956411196052,5224,3453,1771,0.5411454912078189,0.7049072056879836,9,12,Logistic Regression,relay_loss_R2,0.7870206489675516,0.6617605816789891,0.09122326516571477,0.12061509047117025
0.6539955604883463,0.6825948450622646,0.6679892305512257,0.7041219649915302,0.4892364400353672,5224,3453,1771,0.4990353644642921,0.6770327045685387,9,12,Logistic Regression,relay_loss_R3,0.7870206489675516,0.6617605816789891,0.11903141841632592,0.16272521721469702
0.6926478717523493,0.7257457283521576,0.708810634987979,0.6278938452851497,0.5489259415335039,5224,3453,1771,0.5705728437190681,0.7206826870722811,9,12,Logistic Regression,relay_loss_R4,0.7870206489675516,0.6617605816789891,0.07821001397957261,0.09118773795992097
0.6973769781053545,0.9316536345207066,0.7976692288618894,0.7882552230378317,0.5716992057414374,5224,3453,1771,0.6230144149155972,0.7292370899087197,9,12,Random Forest,relay_loss_R1,0.7764891934633632,0.6299072501051876,-0.021180035398526198,0.006892835189590385
0.6883720930232559,0.9429481610194034,0.7957961627764878,0.8322981366459627,0.5553250121867204,5224,3453,1771,0.6305359229848333,0.7416752203367775,9,12,Random Forest,relay_loss_R2,0.7764891934633632,0.6299072501051876,-0.01930696931312459,-0.0006286728796457419
0.6902859545836838,0.9507674485954243,0.7998538189791692,0.831733483907397,0.5595169823440137,5224,3453,1771,0.6283629175065732,0.7350564928711698,9,12,Random Forest,relay_loss_R3,0.7764891934633632,0.6299072501051876,-0.02336462551580598,0.0015443325986143064
0.6854668356569498,0.9397625253402838,0.7927201661170148,0.8407679277244494,0.5494972988079172,5224,3453,1771,0.572271217116909,0.7239503991388909,9,12,Random Forest,relay_loss_R4,0.7764891934633632,0.6299072501051876,-0.016230972653651587,0.057636032988278574
0.6953445915107257,0.8824210831161309,0.777791959157626,0.753811405985319,0.5643048385654059,5224,3453,1771,0.6333590231523976,0.786000988546323,9,12,XGBoost,relay_loss_R1,0.7664591336600874,0.6682365092065541,-0.011332825497538557,0.034877486054156526
0.6823923691673112,0.7665797856935997,0.7220403709765412,0.6956521739130435,0.5354638058902781,5224,3453,1771,0.6176985356149032,0.7954193191097734,9,12,XGBoost,relay_loss_R2,0.7664591336600874,0.6682365092065541,0.044418762683546276,0.05053797359165091
0.6808510638297872,0.8711265566174341,0.7643247363740312,0.7961603613777527,0.5374830976198407,5224,3453,1771,0.5912731799106596,0.7400085589293821,9,12,XGBoost,relay_loss_R3,0.7664591336600874,0.6682365092065541,0.0021343972860562443,0.07696332929589444
0.7025495750708215,0.8618592528236316,0.7740928599297698,0.7114624505928854,0.5751984011153731,5224,3453,1771,0.6707188227227513,0.8207944532820352,9,12,XGBoost,relay_loss_R4,0.7664591336600874,0.6682365092065541,-0.007633726269682395,-0.00248231351619721
0.6995488721804511,0.6736171445120185,0.6863381528474476,0.5640880858272163,0.5547645293424011,5224,3453,1771,0.5848737822069141,0.72205484520572,9,12,Compact MLP,relay_loss_R1,0.7805630543771693,0.6720286600919699,0.09422490152972174,0.08715487788505583
0.7283536585365854,0.6918621488560672,0.709639091044111,0.5031055900621118,0.5943782793969777,5224,3453,1771,0.6338793605442644,0.7624787840035694,9,12,Compact MLP,relay_loss_R2,0.7805630543771693,0.6720286600919699,0.07092396333305828,0.03814929954770552
0.7101139601139601,0.5774688676513177,0.6369589522440505,0.45962732919254656,0.5589207692293856,5224,3453,1771,0.6122083383821758,0.7724947321142677,9,12,Compact MLP,relay_loss_R3,0.7805630543771693,0.6720286600919699,0.1436041021331188,0.05982032170979412
0.7080152671755725,0.7520996235157834,0.7293919393343632,0.6047430830039525,0.5736782702559154,5224,3453,1771,0.636676787245291,0.7798741552133475,9,12,Compact MLP,relay_loss_R4,0.7805630543771693,0.6720286600919699,0.05117111504280614,0.035351872846678956
0.6674364896073903,0.8495002939447384,0.7475426797723745,0.8,0.5247501469723692,5202,3402,1800,0.6232678489777256,0.7781531740253086,10,4,Logistic Regression,relay_loss_R1,0.7878355904015205,0.6362322816643804,0.04029291062914597,0.012964432686654814
0.6612945152066545,0.7477954144620811,0.7018899158504621,0.7238888888888889,0.5119532627865961,5202,3402,1800,0.5104712913972174,0.6891709238842981,10,4,Logistic Regression,relay_loss_R2,0.7878355904015205,0.6362322816643804,0.08594567455105839,0.12576099026716303
0.6697375767727527,0.7051734273956496,0.6869988545246277,0.6572222222222223,0.5239756025867137,5202,3402,1800,0.5564784603827814,0.7027294168381228,10,4,Logistic Regression,relay_loss_R3,0.7878355904015205,0.6362322816643804,0.10083673587689279,0.07975382128159902
0.649470540320391,0.7031158142269254,0.6752293577981652,0.7172222222222222,0.4929467960023516,5202,3402,1800,0.5081471683323535,0.6723724157956412,10,4,Logistic Regression,relay_loss_R4,0.7878355904015205,0.6362322816643804,0.11260623260335534,0.12808511333202688
0.691527572364251,0.9620811287477954,0.8046711739397664,0.8111111111111111,0.5754850088183421,5202,3402,1800,0.6487297504735776,0.7695316324813201,10,4,Random Forest,relay_loss_R1,0.7857988165680473,0.6529958684433993,-0.018872357371719106,0.004266117969821681
0.7032213845099383,0.9047619047619048,0.7913613575009641,0.7216666666666667,0.591547619047619,5202,3402,1800,0.6484920634920635,0.765503471548712,10,4,Random Forest,relay_loss_R2,0.7857988165680473,0.6529958684433993,-0.00556254093291686,0.004503804951335844
0.6921406860616587,0.9370958259847149,0.7962037962037962,0.7877777777777778,0.5746590241034686,5202,3402,1800,0.6439591090208373,0.7540866039749509,10,4,Random Forest,relay_loss_R3,0.7857988165680473,0.6529958684433993,-0.010404979635748934,0.00903675942256199
0.6873798846893018,0.9462081128747796,0.7962894248608534,0.8133333333333334,0.5664373897707231,5202,3402,1800,0.6272077699392514,0.7566368720365785,10,4,Random Forest,relay_loss_R4,0.7857988165680473,0.6529958684433993,-0.010490608292806125,0.02578809850414787
0.6808407827977773,0.8283362727807172,0.7473809839543827,0.7338888888888889,0.5472236919459141,5202,3402,1800,0.626680955647005,0.7706699506812837,10,4,XGBoost,relay_loss_R1,0.7732906837265094,0.6635988634136782,0.02590969977212676,0.03691790776667325
0.7054515866558178,0.7645502645502645,0.7338129496402878,0.6033333333333334,0.5806084656084656,5202,3402,1800,0.6406448820954993,0.7878625254076901,10,4,XGBoost,relay_loss_R2,0.7732906837265094,0.6635988634136782,0.03947773408622168,0.02295398131817894
0.6694487151328794,0.8959435626102292,0.7663104965430547,0.8361111111111111,0.5299162257495591,5202,3402,1800,0.5742132895682278,0.7189470689850885,10,4,XGBoost,relay_loss_R3,0.7732906837265094,0.6635988634136782,0.0069801871834547224,0.08938557384545043
0.7014077550012349,0.8348030570252792,0.7623137833847806,0.6716666666666666,0.5815681951793062,5202,3402,1800,0.6555344895159709,0.7912021607608755,10,4,XGBoost,relay_loss_R4,0.7732906837265094,0.6635988634136782,0.010976900341728824,0.008064373897707311
0.7067851373182552,0.7716049382716049,0.7377740303541316,0.605,0.5833024691358024,5202,3402,1800,0.6256915049970606,0.7474082835635328,10,4,Compact MLP,relay_loss_R1,0.7881899871630296,0.6923985890652558,0.05041595680889799,0.06670708406819514
0.6608717561098514,0.7710170487948266,0.7117080450413784,0.7477777777777778,0.5116196355085244,5202,3402,1800,0.5478656345940296,0.7102829840211136,10,4,Compact MLP,relay_loss_R2,0.7881899871630296,0.6923985890652558,0.07648194212165116,0.14453295447122616
0.6768218376797466,0.8162845385067607,0.7400399733510993,0.7366666666666667,0.5398089359200471,5202,3402,1800,0.6096750277614476,0.764819141908054,10,4,Compact MLP,relay_loss_R3,0.7881899871630296,0.6923985890652558,0.04815001381193029,0.0827235613038082
0.6656848306332842,0.7971781305114638,0.7255216693418941,0.7566666666666667,0.5202557319223986,5202,3402,1800,0.5613094421582075,0.7183857684756602,10,4,Compact MLP,relay_loss_R4,0.7881899871630296,0.6923985890652558,0.06266831782113547,0.1310891469070482
0.735649879041126,0.9089673913043478,0.8131761273854382,0.8116137744767049,0.5486768084138214,5161,3680,1481,0.6364014840149135,0.8310153487754092,11,5,Logistic Regression,relay_loss_R1,0.8351262862488307,0.6432402827114464,0.021950158863392466,0.006838798696532922
0.7681198910081743,0.7660326086956522,0.7670748299319727,0.574611748818366,0.5957104299386431,5161,3680,1481,0.6332824472301325,0.8057609683621572,11,5,Logistic Regression,relay_loss_R2,0.8351262862488307,0.6432402827114464,0.06805145631685794,0.009957835481313904
0.6776768510872557,0.6690217391304348,0.6733214822918091,0.7906819716407832,0.4391698837448258,5161,3680,1481,0.4025832648328098,0.6702422386364257,11,5,Logistic Regression,relay_loss_R3,0.8351262862488307,0.6432402827114464,0.16180480395702157,0.24065701787863658
0.7707509881422925,0.8478260869565217,0.8074534161490683,0.6266036461850101,0.6106112203857558,5161,3680,1481,0.6729728737926783,0.8212142422539093,11,5,Logistic Regression,relay_loss_R4,0.8351262862488307,0.6432402827114464,0.02767287009976238,-0.02973259108123194
0.7487975513773503,0.9307065217391305,0.829900654228253,0.7758271438217421,0.5774396889586942,5161,3680,1481,0.6385066824707161,0.810313239860448,11,5,Random Forest,relay_loss_R1,0.8160788775123247,0.6821172349763673,-0.013821776715928324,0.04361055250565127
0.7473340587595212,0.9331521739130435,0.8299697885196374,0.7839297771775827,0.5746111983677304,5161,3680,1481,0.7102153546369963,0.8512984964353809,11,5,Random Forest,relay_loss_R2,0.8160788775123247,0.6821172349763673,-0.013890911007312767,-0.028098119660628917
0.7533390779836278,0.9502717391304348,0.840422975246335,0.7731262660364618,0.5885727365469865,5161,3680,1481,0.7269582281361007,0.8548532376576526,11,5,Random Forest,relay_loss_R3,0.8160788775123247,0.6821172349763673,-0.02434409773401036,-0.04484099315973333
0.7204019222367847,0.8961956521739131,0.798740615161056,0.8642808912896691,0.5159573804421219,5161,3680,1481,0.5225094860992866,0.7430614635219619,11,5,Random Forest,relay_loss_R4,0.8160788775123247,0.6821172349763673,0.017338262351268674,0.15960774887708074
0.7497092347057456,0.8758152173913043,0.8078706604837699,0.7265361242403782,0.5746395465754631,5161,3680,1481,0.6538421454363972,0.8299467762067804,11,5,XGBoost,relay_loss_R1,0.8099216039069528,0.6855152584916184,0.002050943423182905,0.03167311305522125
0.8088404133180253,0.7657608695652174,0.7867113344500279,0.44969615124915596,0.6580323591580307,5161,3680,1481,0.7120961527170244,0.8566393027986707,11,5,XGBoost,relay_loss_R2,0.8099216039069528,0.6855152584916184,0.023210269456924837,-0.026580894225405993
0.7502338634237605,0.8717391304347826,0.8064353946706888,0.7211343686698177,0.5753023808824824,5161,3680,1481,0.7024107903003258,0.8414190260420337,11,5,XGBoost,relay_loss_R3,0.8099216039069528,0.6855152584916184,0.0034862092362639707,-0.016895531808707398
0.7223382045929019,0.846195652173913,0.7793767988987611,0.8082376772451046,0.5189789874644042,5161,3680,1481,0.5696324641106185,0.7954747438476399,11,5,XGBoost,relay_loss_R4,0.8099216039069528,0.6855152584916184,0.030544805008191678,0.11588279438099991
0.756406646015207,0.7298913043478261,0.7429124602406306,0.5840648210668468,0.5729132416404897,5161,3680,1481,0.6150979435164255,0.7899752283193399,11,5,Compact MLP,relay_loss_R1,0.8051269288203086,0.658629047647007,0.06221446857967794,0.04353110413058148
0.7735182849936948,0.8334239130434783,0.8023544800523218,0.6063470627954085,0.6135384251240349,5161,3680,1481,0.6633576020902445,0.8138389217651266,11,5,Compact MLP,relay_loss_R2,0.8051269288203086,0.658629047647007,0.002772448767986768,-0.004728554443237498
0.7419124643196955,0.847554347826087,0.791222729578894,0.7326130992572586,0.5574706242844142,5161,3680,1481,0.6546437850453571,0.824333720041619,11,5,Compact MLP,relay_loss_R3,0.8051269288203086,0.658629047647007,0.013904199241414616,0.003985262601649886
0.7124309392265193,0.7008152173913044,0.7065753424657534,0.7029034436191762,0.49895588688606407,5161,3680,1481,0.524254047647007,0.7460356565289741,11,5,Compact MLP,relay_loss_R4,0.8051269288203086,0.658629047647007,0.09855158635455519,0.13437500000000002
0.7611479028697572,0.9165337586390218,0.8316449589966233,0.7997043606799704,0.5584146989795257,5115,3762,1353,0.6732307318723469,0.8624451829006874,12,14,Logistic Regression,relay_loss_R1,0.8468364642157428,0.6810350755385182,0.015191505219119494,0.007804343666171221
0.7666666666666667,0.745879851143009,0.7561304230665589,0.631189948263119,0.557344951439945,5115,3762,1353,0.6034442923811578,0.80589991607866,12,14,Logistic Regression,relay_loss_R2,0.8468364642157428,0.6810350755385182,0.0907060411491839,0.07759078315736034
0.7216584517251378,0.6616161616161617,0.6903342116211344,0.7095343680709535,0.4760408967726041,5115,3762,1353,0.4733326378500845,0.7219853507278988,12,14,Logistic Regression,relay_loss_R3,0.8468364642157428,0.6810350755385182,0.15650225259460837,0.20770243768843366
0.7708669897684437,0.7610313662945242,0.7659176029962547,0.6289726533628973,0.5660293564658134,5115,3762,1353,0.5950140137910006,0.7941469952544159,12,14,Logistic Regression,relay_loss_R4,0.8468364642157428,0.6810350755385182,0.0809188612194881,0.08602106174751756
0.7563096500530223,0.947900053163211,0.8413353780818685,0.8492239467849224,0.5493380531891443,5115,3762,1353,0.672586034617777,0.8404417838777216,12,14,Random Forest,relay_loss_R1,0.807425179946963,0.6562797029304206,-0.03391019813490559,-0.0163063316873564
0.7604868506846337,0.9300903774587985,0.8367810594284347,0.8144863266814486,0.557802025388675,5115,3762,1353,0.677672787312185,0.8457272973890875,12,14,Random Forest,relay_loss_R2,0.807425179946963,0.6562797029304206,-0.02935587948147178,-0.02139308438176446
0.7590751944684528,0.9338118022328549,0.8374255065554231,0.8240946045824095,0.5548585988252227,5115,3762,1353,0.6929551476173019,0.8563019443817228,12,14,Random Forest,relay_loss_R3,0.807425179946963,0.6562797029304206,-0.030000326608460193,-0.03667544468688133
0.7513157894736842,0.9106858054226475,0.8233597692862292,0.8381374722838137,0.5362741665694168,5115,3762,1353,0.565876507322417,0.7923525563331856,12,14,Random Forest,relay_loss_R4,0.807425179946963,0.6562797029304206,-0.01593458933926628,0.09040319560800358
0.7618471953578336,0.8375863902179692,0.7979235249430235,0.7280118255728012,0.554787282322584,5115,3762,1353,0.6548849053808792,0.8521805468795284,12,14,XGBoost,relay_loss_R1,0.8102291429294848,0.6925633980132755,0.012305617986461237,0.03767849263239631
0.778456277479238,0.8471557682083998,0.8113543788187373,0.6703621581670363,0.5883968050206818,5115,3762,1353,0.692405637265014,0.8742433655429083,12,14,XGBoost,relay_loss_R2,0.8102291429294848,0.6925633980132755,-0.0011252358892525072,0.00015776074826145958
0.755440637793579,0.9319510898458266,0.8344638819469237,0.8388765705838876,0.5465372596309694,5115,3762,1353,0.6425680738611068,0.829936294218319,12,14,XGBoost,relay_loss_R3,0.8102291429294848,0.6925633980132755,-0.02423473901743889,0.049995324152168674
0.7491937484495163,0.8027644869750132,0.7750545361221609,0.7472283813747228,0.5277680528001452,5115,3762,1353,0.6029626604081032,0.8290271981057937,12,14,XGBoost,relay_loss_R4,0.8102291429294848,0.6925633980132755,0.03517460680732387,0.08960073760517229
0.77431906614786,0.7934609250398724,0.7837731390311146,0.6430155210643016,0.5752227019877855,5115,3762,1353,0.6257584991392904,0.8240562636611337,12,14,Compact MLP,relay_loss_R1,0.8221353530417786,0.6667580225171543,0.038362214010664086,0.040999523377863945
0.7646103896103896,0.7511961722488039,0.7578439259855189,0.6430155210643016,0.5540903255922511,5115,3762,1353,0.6284972100119725,0.8220120600209778,12,14,Compact MLP,relay_loss_R2,0.8221353530417786,0.6667580225171543,0.06429142705625979,0.038260812505181874
0.7744401966138722,0.7538543328017012,0.7640086206896551,0.6104951958610495,0.5716795684703259,5115,3762,1353,0.657890021701435,0.849335539549569,12,14,Compact MLP,relay_loss_R3,0.8221353530417786,0.6667580225171543,0.05812673235212351,0.008868000815719368
0.7491909385113269,0.7384370015948963,0.7437751004016064,0.6873614190687362,0.5255377912630801,5115,3762,1353,0.5626918227279997,0.7806915647017665,12,14,Compact MLP,relay_loss_R4,0.8221353530417786,0.6667580225171543,0.07836025264017221,0.10406619978915466
0.7135678391959799,0.886241134751773,0.7905858534733645,0.8121761658031088,0.5370324844743322,5069,3525,1544,0.6762115533017308,0.8423418329567074,13,2,Logistic Regression,relay_loss_R1,0.8185603807257584,0.7269211406313159,0.02797452725239391,0.05070958732958508
0.7420426238582896,0.7605673758865248,0.7511908097506305,0.6036269430051814,0.5784702164406718,5069,3525,1544,0.6127894756182706,0.7821542900771463,13,2,Logistic Regression,relay_loss_R2,0.8185603807257584,0.7269211406313159,0.06736957097512797,0.11413166501304528
0.7144816236972024,0.7390070921985815,0.726537442476642,0.6742227979274611,0.5323921471355602,5069,3525,1544,0.5141398412523426,0.7162465714922205,13,2,Logistic Regression,relay_loss_R3,0.8185603807257584,0.7269211406313159,0.09202293824911645,0.21278129937897328
0.738253178551686,0.7577304964539007,0.747865042699146,0.6133419689119171,0.5721942637709918,5069,3525,1544,0.6124703266821004,0.7817410485994855,13,2,Logistic Regression,relay_loss_R4,0.8185603807257584,0.7269211406313159,0.07069533802661243,0.11445081394921541
0.7270562770562771,0.9529078014184397,0.8248004910988337,0.8167098445595855,0.5680989784294271,5069,3525,1544,0.6700810274501157,0.821961026475136,13,2,Random Forest,relay_loss_R1,0.7937968195557892,0.6585057693014368,-0.03100367154304451,-0.01157525814867888
0.7242370632463512,0.9290780141843972,0.8139679383621226,0.8076424870466321,0.5607177635688825,5069,3525,1544,0.6751156616323081,0.8364125627063863,13,2,Random Forest,relay_loss_R2,0.7937968195557892,0.6585057693014368,-0.020171118806333377,-0.01660989233087129
0.7330031517334534,0.9236879432624113,0.8173716580896196,0.7681347150259067,0.5777766141182523,5069,3525,1544,0.6605641605115202,0.820259163861556,13,2,Random Forest,relay_loss_R3,0.7937968195557892,0.6585057693014368,-0.023574838533830467,-0.0020583912100834434
0.7133886521641624,0.9024113475177304,0.7968436873747495,0.8277202072538861,0.5373455701319222,5069,3525,1544,0.5724234740748907,0.7476532729720377,13,2,Random Forest,relay_loss_R4,0.7937968195557892,0.6585057693014368,-0.0030468678189603526,0.08608229522654609
0.7312673450508789,0.8970212765957447,0.8057077334692317,0.7525906735751295,0.5722153015103075,5069,3525,1544,0.6610386579943409,0.8249345378497277,13,2,XGBoost,relay_loss_R1,0.8072194611561601,0.6995825524565465,0.0015117276869283103,0.03854389446220563
0.7606761565836299,0.7276595744680852,0.743801652892562,0.5226683937823834,0.6024955903428508,5069,3525,1544,0.6767165509131665,0.8418138618086073,13,2,XGBoost,relay_loss_R2,0.8072194611561601,0.6995825524565465,0.06341780826359811,0.022866001543380032
0.7127562642369021,0.8876595744680851,0.7906506632975363,0.8167098445595855,0.5354748649542498,5069,3525,1544,0.6341566530702237,0.8036651110045172,13,2,XGBoost,relay_loss_R3,0.8072194611561601,0.6995825524565465,0.01656879785862375,0.06542589938632282
0.716299777393025,0.8215602836879433,0.7653276955602537,0.7428756476683938,0.5393423180097747,5069,3525,1544,0.6284755447763937,0.8199203408910889,13,2,XGBoost,relay_loss_R4,0.8072194611561601,0.6995825524565465,0.04189176559590635,0.07110700768015288
0.7509055447199777,0.7645390070921986,0.7576609502389654,0.5790155440414507,0.5927617315253739,5069,3525,1544,0.6289407636056297,0.7844563636113009,13,2,Compact MLP,relay_loss_R1,0.807367613200307,0.6882515709403594,0.04970666296134163,0.05931080733472971
0.7199135239010329,0.8502127659574468,0.7796566077003122,0.7551813471502591,0.5475157094035938,5069,3525,1544,0.6072006026531438,0.7701978945043508,13,2,Compact MLP,relay_loss_R2,0.807367613200307,0.6882515709403594,0.027711005499994834,0.08105096828721559
0.7176605504587156,0.8876595744680851,0.7936588459099556,0.7972797927461139,0.5451898908609856,5069,3525,1544,0.6528104214897292,0.8050518504561532,13,2,Compact MLP,relay_loss_R3,0.807367613200307,0.6882515709403594,0.01370876729035142,0.03544114945063015
0.7114378270620484,0.8099290780141843,0.7574953568585832,0.75,0.5299645390070922,5069,3525,1544,0.5812244148017491,0.7665878583411031,13,2,Compact MLP,relay_loss_R4,0.807367613200307,0.6882515709403594,0.049872256341723875,0.10702715613861025
0.7201857282502444,0.8444126074498567,0.7773674492218412,0.7752200406228842,0.5345962834134862,4967,3490,1477,0.6393859620193493,0.8276968882116156,14,6,Logistic Regression,relay_loss_R1,0.817534114237411,0.6479578949818905,0.04016666501556976,0.008571932962541218
0.7155655095184771,0.732378223495702,0.723874256584537,0.6878808395396073,0.5222486919780474,4967,3490,1477,0.5471134278614012,0.7630797191051981,14,6,Logistic Regression,relay_loss_R2,0.817534114237411,0.6479578949818905,0.09365985765287399,0.10084446712048933
0.7340613931523022,0.7126074498567335,0.7231753416690898,0.6100203114421124,0.5512935692073105,4967,3490,1477,0.5519202751647516,0.7366715835660083,14,6,Logistic Regression,relay_loss_R3,0.817534114237411,0.6479578949818905,0.09435877256832115,0.09603761981713888
0.7067078304799327,0.7214899713467049,0.7140224018148306,0.7075152335815843,0.5069873688825604,4967,3490,1477,0.5331652676279843,0.7430576098500945,14,6,Logistic Regression,relay_loss_R4,0.817534114237411,0.6479578949818905,0.1035117124225804,0.11479262735390616
0.7240449438202248,0.9232091690544413,0.8115869017632242,0.8314150304671631,0.545897069293639,4967,3490,1477,0.6670485166051374,0.8287139946592015,14,6,Random Forest,relay_loss_R1,0.7936635790038932,0.6559736397444677,-0.017923322759331062,-0.011074876860669769
0.730093543235227,0.9169054441260746,0.8129048647275499,0.8009478672985783,0.5579787884137482,4967,3490,1477,0.6532499277362732,0.823055337673882,14,6,Random Forest,relay_loss_R2,0.7936635790038932,0.6559736397444677,-0.019241285723656687,0.0027237120081944344
0.7213930348258707,0.9140401146131805,0.8063700707785642,0.8341232227488151,0.5399584459321827,4967,3490,1477,0.6681906714803685,0.8317159187915092,14,6,Random Forest,relay_loss_R3,0.7936635790038932,0.6559736397444677,-0.01270649177467098,-0.01221703173590083
0.7163603358293624,0.9045845272206303,0.7995441306825377,0.8463100880162492,0.5291372196021906,4967,3490,1477,0.5916911264023528,0.782855619016431,14,6,Random Forest,relay_loss_R4,0.7936635790038932,0.6559736397444677,-0.005880551678644541,0.06428251334211488
0.7330037082818294,0.8495702005730659,0.7869940278699403,0.7312119160460393,0.5591791422635133,4967,3490,1477,0.6577787779379327,0.8357430366699876,14,6,XGBoost,relay_loss_R1,0.781556660841511,0.6617946041790743,-0.005437367028429341,0.004015826241141607
0.7279693486590039,0.8166189111747851,0.7697501688048616,0.7210561949898443,0.5477813580924704,4967,3490,1477,0.6431564795828297,0.8324322664930317,14,6,XGBoost,relay_loss_R2,0.781556660841511,0.6617946041790743,0.011806492036649407,0.018638124596244587
0.7308970099667774,0.8825214899713467,0.7995846313603323,0.7677725118483413,0.5573744890615028,4967,3490,1477,0.6104052976586553,0.7870144446006824,14,6,XGBoost,relay_loss_R3,0.781556660841511,0.6617946041790743,-0.018027970518821324,0.051389306520419065
0.7116977225672878,0.7879656160458453,0.7478923035082948,0.7542315504400813,0.516867032802882,4967,3490,1477,0.5899044178841568,0.7965052369861223,14,6,XGBoost,relay_loss_R4,0.781556660841511,0.6617946041790743,0.033664357333216155,0.0718901862949175
0.7476837554045708,0.6936962750716332,0.7196789536266349,0.5531482735274205,0.5702740007721063,4967,3490,1477,0.6007788962758477,0.7820930487636119,14,6,Compact MLP,relay_loss_R1,0.7982512536967983,0.6497645851480097,0.07857230007016336,0.048985688872162036
0.7057390362750406,0.7469914040114614,0.7257795100222717,0.7359512525389302,0.5055200757362656,4967,3490,1477,0.5506082762821719,0.7498840438667773,14,6,Compact MLP,relay_loss_R2,0.7982512536967983,0.6497645851480097,0.07247174367452658,0.09915630886583782
0.723147616312464,0.7214899713467049,0.7223178427997705,0.6526743398781314,0.5344078157342868,4967,3490,1477,0.5890712025654108,0.7899742052133611,14,6,Compact MLP,relay_loss_R3,0.7982512536967983,0.6497645851480097,0.07593341089702776,0.06069338258259893
0.7333333333333333,0.6776504297994269,0.7043931496649293,0.5822613405551794,0.5476945446221237,4967,3490,1477,0.5613221255041486,0.7489086451324083,14,6,Compact MLP,relay_loss_R4,0.7982512536967983,0.6497645851480097,0.093858104031869,0.0884424596438611
0.7935499058380414,0.871960682876358,0.830909539068277,0.7972727272727272,0.5373439778018153,4966,3866,1100,0.6873444481023374,0.8990296932434101,15,1,Logistic Regression,relay_loss_R1,0.8682152713891444,0.7185122042985468,0.037305732320867424,0.031167756196209373
0.8233788395904437,0.7488360062079669,0.7843402871850447,0.5645454545454546,0.5921452758312562,4966,3866,1100,0.6226915298875981,0.8409717611656629,15,1,Logistic Regression,relay_loss_R2,0.8682152713891444,0.7185122042985468,0.08387498420409978,0.09582067441094866
0.7818421052631579,0.7684945680289705,0.7751108792068876,0.7536363636363637,0.5074291021963034,4966,3866,1100,0.47483010393641534,0.772900014833057,15,1,Logistic Regression,relay_loss_R3,0.8682152713891444,0.7185122042985468,0.09310439218225686,0.24368210036213145
0.8281805745554035,0.7829798241076048,0.8049461507778221,0.5709090909090909,0.6060353665992569,4966,3866,1100,0.6629922870714386,0.8627167426944247,15,1,Logistic Regression,relay_loss_R4,0.8682152713891444,0.7185122042985468,0.0632691206113224,0.05551991722710814
0.8003549245785271,0.933264355923435,0.8617148316216862,0.8181818181818182,0.5575412688708085,4966,3866,1100,0.6651907068616847,0.8716514594577065,15,1,Random Forest,relay_loss_R1,0.8339060710194731,0.6937648732540094,-0.027808760602213045,0.028574166392324685
0.8128941836019622,0.900155199172271,0.8543021971277771,0.7281818181818182,0.5859866904952264,4966,3866,1100,0.689846446879556,0.8883876151460255,15,1,Random Forest,relay_loss_R2,0.8339060710194731,0.6937648732540094,-0.02039612610830399,0.003918426374453388
0.8089708561020036,0.9190377651319193,0.8604989101477355,0.7627272727272727,0.5781552462023233,4966,3866,1100,0.6887286601138128,0.8886484475604618,15,1,Random Forest,relay_loss_R3,0.8339060710194731,0.6937648732540094,-0.02659283912826238,0.005036213140196533
0.7864383870241045,0.9030005173305742,0.8406983744732089,0.8618181818181818,0.5205911677561962,4966,3866,1100,0.5858950994685603,0.8420688867155035,15,1,Random Forest,relay_loss_R4,0.8339060710194731,0.6937648732540094,-0.006792303453735826,0.10786977378544904
0.7911288429946022,0.871960682876358,0.8295804109757599,0.8090909090909091,0.5314348868927244,4966,3866,1100,0.6449975309222593,0.879808875074046,15,1,XGBoost,relay_loss_R1,0.8289574305378536,0.7263972628509616,-0.0006229804379062065,0.08139973192870231
0.8179235537190083,0.8191929643041904,0.818557766864823,0.6409090909090909,0.5891419366975498,4966,3866,1100,0.691651460283121,0.8950232369694224,15,1,XGBoost,relay_loss_R2,0.8289574305378536,0.7263972628509616,0.01039966367303069,0.034745802567840656
0.8095687013905256,0.88851526125194,0.8472068072512023,0.7345454545454545,0.5769849033532427,4966,3866,1100,0.694887127874712,0.8866361088608135,15,1,XGBoost,relay_loss_R3,0.8289574305378536,0.7263972628509616,-0.018249376713348697,0.03151013497624966
0.7863958894054318,0.8313502327987584,0.8082484597007419,0.7936363636363636,0.5188569345811974,4966,3866,1100,0.638486808070357,0.8766825452513319,15,1,XGBoost,relay_loss_R4,0.8289574305378536,0.7263972628509616,0.020708970837111762,0.08791045478060466
0.8318804483188045,0.6911536471805484,0.7550155411133088,0.4909090909090909,0.6001222781357287,4966,3866,1100,0.6320897803696562,0.8472717137736736,15,1,Compact MLP,relay_loss_R1,0.8480981595092024,0.7016568687391244,0.0930826183958936,0.06956708836946812
0.8052434456928839,0.8341955509570615,0.8194638546563334,0.7090909090909091,0.5625523209330763,4966,3866,1100,0.6080510746366928,0.8325653146771202,15,1,Compact MLP,relay_loss_R2,0.8480981595092024,0.7016568687391244,0.028634304852868997,0.09360579410243153
0.8185768604019554,0.7796171753750647,0.798622151563328,0.6072727272727273,0.5861722240511686,4966,3866,1100,0.6480585994450454,0.8692954937785637,15,1,Compact MLP,relay_loss_R3,0.8480981595092024,0.7016568687391244,0.04947600794587437,0.05359826929407896
0.8033755274261604,0.7387480600103467,0.7697075865786283,0.6354545454545455,0.5516467572779006,4966,3866,1100,0.5776927056389032,0.8202823507376777,15,1,Compact MLP,relay_loss_R4,0.8480981595092024,0.7016568687391244,0.07839057293057416,0.12396416310022118
