precision,recall,f1,fpr,balanced_accuracy,n_test,n_attack,n_normal,roc_auc,pr_auc,fold_id,held_out_run,model,condition,feature_budget,placement,threshold_rule,seed,train_time_sec
0.7078039927404719,0.9946442234123948,0.8270596967447779,0.9769417475728155,0.5088512379197896,5569,3921,1648,0.6973080908624955,0.8561104231181356,1,10,Logistic Regression,clean,64,central,fixed_0.5,42,2.412544500000001
0.7501117568171658,0.8559041060953838,0.7995235259082787,0.6783980582524272,0.5887530239214783,5569,3921,1648,0.6836024066329424,0.8441722445091935,1,10,Random Forest,clean,64,central,fixed_0.5,42,13.877872833999998
0.7455757297173063,0.8273399642948227,0.7843326885880078,0.6717233009708737,0.5778083316619744,5569,3921,1648,0.6836698026310903,0.857248874026457,1,10,XGBoost,clean,64,central,fixed_0.5,42,1.328667166999999
0.7387168589354381,0.9308849783218567,0.8237418190024826,0.783373786407767,0.5737555959570448,5569,3921,1648,0.703495523234364,0.8621961359984436,1,10,Compact MLP,clean,64,central,fixed_0.5,42,2.744220708999997
0.7072023163228375,0.996684519255292,0.8273525987085847,0.9817961165048543,0.5074442013752188,5569,3921,1648,0.6271628621587023,0.7888495279311785,1,10,Logistic Regression,clean,32,central,fixed_0.5,42,0.3663288329999972
0.7444568868980963,0.8477429227237949,0.7927498211304556,0.6923543689320388,0.577694276895878,5569,3921,1648,0.6841619249597016,0.8502672395784381,1,10,Random Forest,clean,32,central,fixed_0.5,42,8.272034667
0.7433191107118796,0.8441724049987248,0.7905421542870791,0.6935679611650486,0.5753022219168381,5569,3921,1648,0.6923053888323516,0.859847434378872,1,10,XGBoost,clean,32,central,fixed_0.5,42,0.7989484580000052
0.7389417114510128,0.9117572047946952,0.8163032309624386,0.7663834951456311,0.5726868548245321,5569,3921,1648,0.7135755194211898,0.8640024399999768,1,10,Compact MLP,clean,32,central,fixed_0.5,42,2.5231909580000007
0.7042633567188343,0.9984697781178271,0.8259493670886076,0.9975728155339806,0.5004484812919233,5569,3921,1648,0.6194380891539953,0.7861941868754451,1,10,Logistic Regression,clean,16,central,fixed_0.5,42,0.21995474999999942
0.7582559896395424,0.8959449120122418,0.8213701192424596,0.6796116504854369,0.6081666307634025,5569,3921,1648,0.7199751215139788,0.8653291535218202,1,10,Random Forest,clean,16,central,fixed_0.5,42,5.816287458000005
0.7456276289572725,0.8589645498597297,0.7982934344631429,0.6972087378640777,0.580877905997826,5569,3921,1648,0.6980547085273966,0.8613699982176303,1,10,XGBoost,clean,16,central,fixed_0.5,42,0.536976291000002
0.7471034758290052,0.9538383065544503,0.8379074717150219,0.7682038834951457,0.5928172115296524,5569,3921,1648,0.734097794301533,0.878083594582484,1,10,Compact MLP,clean,16,central,fixed_0.5,42,2.287535499999997
0.7047494390426328,0.9889792705326685,0.8230156130581942,0.9844139650872819,0.5022826527226933,5415,3811,1604,0.6925274062285902,0.8564077858036687,2,3,Logistic Regression,clean,64,central,fixed_0.5,42,2.3908037500000034
0.7544338335607094,0.8706376279191813,0.808381045194299,0.6733167082294265,0.5986604598448775,5415,3811,1604,0.6787342356520141,0.8263783369229736,2,3,Random Forest,clean,64,central,fixed_0.5,42,13.356269292
0.7549745488199907,0.8562057202833901,0.8024099348333948,0.6602244389027432,0.5979906406903235,5415,3811,1604,0.7038666453781579,0.8639381906468124,2,3,XGBoost,clean,64,central,fixed_0.5,42,1.6760177920000103
0.7350052246603971,0.9228548937286801,0.8182875756165658,0.7905236907730673,0.5661656014778064,5415,3811,1604,0.7005881386798027,0.8594074597957673,2,3,Compact MLP,clean,64,central,fixed_0.5,42,6.093089042000003
0.7053103964098728,0.9897664654946209,0.8236707064089966,0.9825436408977556,0.5036114122984326,5415,3811,1604,0.604974705717993,0.777736953008777,2,3,Logistic Regression,clean,32,central,fixed_0.5,42,0.3441345410000025
0.7607988852763585,0.8596168984518499,0.8071947763952199,0.64214463840399,0.6087361300239299,5415,3811,1604,0.6781183193943768,0.8206866202415588,2,3,Random Forest,clean,32,central,fixed_0.5,42,8.45729020799999
0.7467228464419475,0.8370506428758856,0.7893108994185327,0.6745635910224439,0.5812435259267208,5415,3811,1604,0.6816221712839392,0.8522100328173869,2,3,XGBoost,clean,32,central,fixed_0.5,42,0.8035407079999999
0.7327314717614949,0.9157701390711099,0.8140891066013529,0.793640897755611,0.5610646206577494,5415,3811,1604,0.7111354387581296,0.8636192894554113,2,3,Compact MLP,clean,32,central,fixed_0.5,42,4.651883166000005
0.704144211113176,0.9942272369456836,0.8244125326370757,0.9925187032418953,0.5008542668518942,5415,3811,1604,0.6101587084506,0.7785532711924904,2,3,Logistic Regression,clean,16,central,fixed_0.5,42,0.1520729159999945
0.770920018492834,0.875098399370244,0.8197124247265577,0.6178304239401496,0.6286339877150472,5415,3811,1604,0.7464119810680593,0.8757376932791462,2,3,Random Forest,clean,16,central,fixed_0.5,42,5.596217249999995
0.7648902821316614,0.8963526633429546,0.8254198381055938,0.6546134663341646,0.620869598504395,5415,3811,1604,0.7473620298505901,0.8835471950345349,2,3,XGBoost,clean,16,central,fixed_0.5,42,0.513627458000002
0.7563336766220391,0.963526633429546,0.8474498038310639,0.7375311720698254,0.6129977306798603,5415,3811,1604,0.7574809695781538,0.8885550440481707,2,3,Compact MLP,clean,16,central,fixed_0.5,42,3.77555404200001
0.6739954510993177,0.996078431372549,0.8039791996382546,0.9717514124293786,0.5121635094715853,5340,3570,1770,0.7124516925414234,0.8474932036279107,3,9,Logistic Regression,clean,64,central,fixed_0.5,42,2.5822678339999925
0.7324147933284989,0.8487394957983193,0.7862981704943558,0.6254237288135593,0.61165788349238,5340,3570,1770,0.7222079792368925,0.8397637526036721,3,9,Random Forest,clean,64,central,fixed_0.5,42,14.016731584000013
0.7317617866004963,0.8260504201680672,0.7760526315789473,0.6107344632768361,0.6076579784456155,5340,3570,1770,0.7359786513475447,0.8683486072265153,3,9,XGBoost,clean,64,central,fixed_0.5,42,1.4300079589999939
0.7095801937567277,0.923249299719888,0.8024345709068776,0.7621468926553673,0.5805512035322604,5340,3570,1770,0.7151896690879741,0.847757798367569,3,9,Compact MLP,clean,64,central,fixed_0.5,42,3.272913208999995
0.6721000758150114,0.9932773109243698,0.8017182907528827,0.9774011299435028,0.5079380904904335,5340,3570,1770,0.657597683141053,0.7853828412157464,3,9,Logistic Regression,clean,32,central,fixed_0.5,42,0.3714607089999902
0.7270548765875868,0.849859943977591,0.7836755779413664,0.6435028248587571,0.603178559559417,5340,3570,1770,0.7186275301080884,0.8350521666444288,3,9,Random Forest,clean,32,central,fixed_0.5,42,9.759603292000008
0.7386666666666667,0.853501400560224,0.7919428200129954,0.6090395480225989,0.6222309262688126,5340,3570,1770,0.7523095791989113,0.8741526542358631,3,9,XGBoost,clean,32,central,fixed_0.5,42,0.863306166000001
0.7011108782225949,0.9369747899159664,0.8020621028653638,0.8056497175141243,0.5656625362009211,5340,3570,1770,0.7207489436452547,0.8475236410779833,3,9,Compact MLP,clean,32,central,fixed_0.5,42,2.7222447500000158
0.6694915254237288,0.9957983193277311,0.8006756756756757,0.9915254237288136,0.5021364477994588,5340,3570,1770,0.649633955277026,0.7791049067689613,3,9,Logistic Regression,clean,16,central,fixed_0.5,42,0.15717870899999298
0.747093023255814,0.8638655462184874,0.8012470771628994,0.5898305084745763,0.6370175188719556,5340,3570,1770,0.7430658025922233,0.8563089728390325,3,9,Random Forest,clean,16,central,fixed_0.5,42,6.936883790999985
0.7479513285324063,0.8436974789915966,0.7929445833881795,0.5734463276836158,0.6351255756539904,5340,3570,1770,0.7559825286046622,0.8761816266218975,3,9,XGBoost,clean,16,central,fixed_0.5,42,0.571988250000004
0.7242562929061785,0.8865546218487395,0.7972292191435768,0.6807909604519774,0.602881830698381,5340,3570,1770,0.7241429679216319,0.8564831660254629,3,9,Compact MLP,clean,16,central,fixed_0.5,42,5.205061707999988
0.7132183908045977,0.9872712808273667,0.8281614948281615,0.969559585492228,0.5088558476675694,5315,3771,1544,0.6863673961223024,0.8504596565584491,4,8,Logistic Regression,clean,64,central,fixed_0.5,42,2.256899125000018
0.7583233532934132,0.8395651020949351,0.7968789327963756,0.6534974093264249,0.593033846384255,5315,3771,1544,0.6813345266507558,0.8358949826763301,4,8,Random Forest,clean,64,central,fixed_0.5,42,12.641347582999998
0.762748384007661,0.8448687350835322,0.8017111222949169,0.6418393782383419,0.6015146784225951,5315,3771,1544,0.6814124151727872,0.8449509951062604,4,8,XGBoost,clean,64,central,fixed_0.5,42,1.386690542000025
0.723594106661133,0.9246884115619199,0.8118742724097788,0.8626943005181347,0.5309970555218926,5315,3771,1544,0.671085788324588,0.8155712565791673,4,8,Compact MLP,clean,64,central,fixed_0.5,42,2.2596302499999865
0.7138766940255774,0.9917793688676744,0.8301886792452831,0.9708549222797928,0.5104622232939409,5315,3771,1544,0.6052350361292822,0.7622598925732968,4,8,Logistic Regression,clean,32,central,fixed_0.5,42,0.38620199999999727
0.7559537844847913,0.8501723680721294,0.8002995506739891,0.6703367875647669,0.5899177902536813,5315,3771,1544,0.669236816143929,0.8240871553862341,4,8,Random Forest,clean,32,central,fixed_0.5,42,9.582079042000004
0.7607046733545387,0.824449748077433,0.7912954950369051,0.633419689119171,0.595515029479131,5315,3771,1544,0.670253574799774,0.8202874341105006,4,8,XGBoost,clean,32,central,fixed_0.5,42,0.927329291999996
0.7374917346264052,0.8872977989923098,0.8054886856042369,0.7713730569948186,0.5579623709987456,5315,3771,1544,0.6802754316758793,0.8207879729508003,4,8,Compact MLP,clean,32,central,fixed_0.5,42,4.167689833000026
0.7148014440433214,0.9976133651551312,0.8328536639362408,0.9721502590673575,0.5127315530438868,5315,3771,1544,0.6185556050194903,0.7819046005216297,4,8,Logistic Regression,clean,16,central,fixed_0.5,42,0.13272587500000554
0.7728232809199719,0.8732431715725272,0.8199701195219123,0.6269430051813472,0.6231500831955901,5315,3771,1544,0.7303285538806519,0.8672498274669226,4,8,Random Forest,clean,16,central,fixed_0.5,42,5.929953666999978
0.7654201068479844,0.835852559002917,0.7990873367980733,0.6256476683937824,0.6051024453045672,5315,3771,1544,0.6927630141672952,0.834259080552351,4,8,XGBoost,clean,16,central,fixed_0.5,42,0.6704291249999983
0.7455173903650897,0.915141872182445,0.8216666666666667,0.7629533678756477,0.5760942521533987,5315,3771,1544,0.6909168758578902,0.8287722098670842,4,8,Compact MLP,clean,16,central,fixed_0.5,42,2.6838458329999924
0.6470476190476191,0.9947291361639824,0.784073860357761,0.9957012358946803,0.49951395013465105,5276,3415,1861,0.7085889527112346,0.827071880831433,5,15,Logistic Regression,clean,64,central,fixed_0.5,42,3.018139958000006
0.7217542120911794,0.8530014641288434,0.7819084686619245,0.6034390112842558,0.6247812264222938,5276,3415,1861,0.7141696359661166,0.8039185407874954,5,15,Random Forest,clean,64,central,fixed_0.5,42,13.831497082999988
0.7124907612712491,0.8468521229868229,0.7738827936847739,0.6270822138635143,0.6098849545616543,5276,3415,1861,0.7215487351925121,0.8300985765627936,5,15,XGBoost,clean,64,central,fixed_0.5,42,1.6362749589999908
0.6803296006761039,0.9428989751098097,0.7903780068728522,0.8130037614185922,0.5649476068456087,5276,3415,1861,0.7020843184012122,0.8155300280334625,5,15,Compact MLP,clean,64,central,fixed_0.5,42,2.5794297909999955
0.6480670348505047,0.9964860907759883,0.7853681052388646,0.9930145083288554,0.5017357912235664,5276,3415,1861,0.6406758752319908,0.7490045606024401,5,15,Logistic Regression,clean,32,central,fixed_0.5,42,0.39748775000001046
0.7242319127849356,0.8559297218155197,0.7845926721245471,0.5980655561526061,0.6289320828314569,5276,3415,1861,0.7221853676804375,0.8181715836763641,5,15,Random Forest,clean,32,central,fixed_0.5,42,8.589587749999993
0.7205108940646131,0.8424597364568082,0.7767278617710583,0.599677592692101,0.6213910718823535,5276,3415,1861,0.7316491786795776,0.8425360304404672,5,15,XGBoost,clean,32,central,fixed_0.5,42,0.928742958999976
0.6980541265936032,0.913909224011713,0.7915292924169414,0.7254164427727029,0.5942463906195051,5276,3415,1861,0.7299235364415453,0.8432136547055691,5,15,Compact MLP,clean,32,central,fixed_0.5,42,4.563645624999992
0.6480882632680236,0.9976573938506589,0.7857472324723247,0.9940891993551854,0.5017840972477368,5276,3415,1861,0.6605312246521218,0.7619015041375411,5,15,Logistic Regression,clean,16,central,fixed_0.5,42,0.1503362079999988
0.7417702999268471,0.8907759882869692,0.8094731240021288,0.569048898441698,0.6608635449226357,5276,3415,1861,0.7800221546847009,0.8665103458035288,5,15,Random Forest,clean,16,central,fixed_0.5,42,6.0175795419999645
0.7240786240786241,0.8629575402635432,0.7874415497661991,0.6034390112842558,0.6297592644896437,5276,3415,1861,0.7501514087027944,0.860049039125788,5,15,XGBoost,clean,16,central,fixed_0.5,42,0.6129770829999757
0.7033673017279575,0.9297218155197657,0.8008576113002901,0.7195056421278883,0.6051080866959387,5276,3415,1861,0.739824383213106,0.8521739607651235,5,15,Compact MLP,clean,16,central,fixed_0.5,42,2.4365320420000103
0.7851239669421488,0.9919864011656144,0.8765153953438473,0.9696444058976583,0.5111709976339781,5271,4118,1153,0.6423545309299348,0.8808631466530014,6,13,Logistic Regression,clean,64,central,fixed_0.5,42,2.6321971670000153
0.8183125599232982,0.82904322486644,0.823642943305187,0.6574154379878577,0.5858138934392911,5271,4118,1153,0.6510749456514184,0.8642507193953023,6,13,Random Forest,clean,64,central,fixed_0.5,42,12.368115458000034
0.8203928905519177,0.8518698397280233,0.835835120324041,0.6660884648742411,0.5928906874268911,5271,4118,1153,0.6915237274049536,0.8981479444925141,6,13,XGBoost,clean,64,central,fixed_0.5,42,1.325195167000004
0.8069915254237288,0.9249635745507528,0.861959719393528,0.790112749349523,0.567425412600615,5271,4118,1153,0.6771641603065172,0.8930610736562572,6,13,Compact MLP,clean,64,central,fixed_0.5,42,3.060705832999986
0.7858651814864606,0.9936862554638174,0.8776407506702413,0.9670424978317432,0.5133218788160371,5271,4118,1153,0.6044737486136426,0.8380867414371649,6,13,Logistic Regression,clean,32,central,fixed_0.5,42,0.3671849169999746
0.8213523131672598,0.8406993686255464,0.8309132365294611,0.6530789245446661,0.5938102220404402,5271,4118,1153,0.6513673812471383,0.8638555139266222,6,13,Random Forest,clean,32,central,fixed_0.5,42,8.21150320800001
0.8163950143815916,0.8271005342399222,0.8217129071170084,0.6643538594969645,0.5813733373714789,5271,4118,1153,0.6655998436412054,0.8884021861287221,6,13,XGBoost,clean,32,central,fixed_0.5,42,0.8429825420000157
0.809277238403452,0.9108790675084992,0.8570775734034045,0.766695576756288,0.5720917453761056,5271,4118,1153,0.6715909296735041,0.8889260424947762,6,13,Compact MLP,clean,32,central,fixed_0.5,42,3.85317758299999
0.7814708691499522,0.9934434191355027,0.8747995295627071,0.9921942758022549,0.5006245716666239,5271,4118,1153,0.6275292993719112,0.848775254796353,6,13,Logistic Regression,clean,16,central,fixed_0.5,42,0.13540287500001114
0.8260381593714927,0.8936376881981545,0.858509273299895,0.6721595836947094,0.6107390522517225,5271,4118,1153,0.7314392380541586,0.9076668404509632,6,13,Random Forest,clean,16,central,fixed_0.5,42,5.755282375000036
0.8200138985406532,0.8596406022340942,0.8393598103141672,0.6738941890719862,0.592873206581054,5271,4118,1153,0.7038341392073468,0.9020243828750553,6,13,XGBoost,clean,16,central,fixed_0.5,42,0.5447520000000168
0.8119390523898977,0.9446333171442448,0.8732742170838478,0.7814397224631396,0.5815967973405526,5271,4118,1153,0.7118183575839703,0.9039674982122493,6,13,Compact MLP,clean,16,central,fixed_0.5,42,2.2151115419999883
0.7573783058643159,0.9957168052406148,0.8603461412866006,0.9875195007800313,0.5040986522302918,5251,3969,1282,0.712911373597801,0.8825088031125814,7,11,Logistic Regression,clean,64,central,fixed_0.5,42,2.4127584999999954
0.7958620689655173,0.872260015117158,0.8323115759105661,0.6926677067082684,0.5897961542044449,5251,3969,1282,0.6586937022454443,0.8509436724976088,7,11,Random Forest,clean,64,central,fixed_0.5,42,14.43103066599997
0.7888703128731789,0.8321995464852607,0.8099558607160373,0.6895475819032761,0.5713259822909923,5251,3969,1282,0.6538095159482872,0.8669462486800894,7,11,XGBoost,clean,64,central,fixed_0.5,42,1.6287602909999919
0.7744107744107744,0.927185689090451,0.8439399151473455,0.8361934477379095,0.5454961206762707,5251,3969,1282,0.6567705489776658,0.8584317778467563,7,11,Compact MLP,clean,64,central,fixed_0.5,42,3.5459937500000365
0.7568859984697781,0.9969765684051398,0.8604979884745025,0.9914196567862714,0.5027784558094341,5251,3969,1282,0.6998817670015945,0.8622090534502299,7,11,Logistic Regression,clean,32,central,fixed_0.5,42,0.4591367080000168
0.7947588126159555,0.8634416729654825,0.8276778166888057,0.6903276131045242,0.5865570299304792,5251,3969,1282,0.6640317766905688,0.8566841800939389,7,11,Random Forest,clean,32,central,fixed_0.5,42,18.312888292000025
0.7949342425718461,0.8223733938019653,0.8084210526315789,0.656786271450858,0.5827935611755536,5251,3969,1282,0.6684953868298344,0.8716510545137974,7,11,XGBoost,clean,32,central,fixed_0.5,42,3.6004546249999976
0.7849272807404143,0.8974552784076594,0.837428000470201,0.7613104524180967,0.5680724129947813,5251,3969,1282,0.6597599807242478,0.8683073223257481,7,11,Compact MLP,clean,32,central,fixed_0.5,42,4.417840624999997
0.7567412507171544,0.9969765684051398,0.8604044357469015,0.9921996879875195,0.5023884402088101,5251,3969,1282,0.6857586623948708,0.8526526531989436,7,11,Logistic Regression,clean,16,central,fixed_0.5,42,0.13777933300002587
0.7948139797068771,0.8881330309901738,0.838886244645407,0.7098283931357254,0.5891523189272242,5251,3969,1282,0.67320151611809,0.8631211276061179,7,11,Random Forest,clean,16,central,fixed_0.5,42,6.792847958999971
0.7905195116112043,0.8319475938523557,0.8107046403142647,0.6825273010920437,0.574710146380156,5251,3969,1282,0.6567827338943898,0.8668572126825274,7,11,XGBoost,clean,16,central,fixed_0.5,42,0.663410875000011
0.7845665961945032,0.9349962207105065,0.853201517415795,0.7948517940717629,0.5700722133193719,5251,3969,1282,0.6736555025315147,0.8757384909046915,7,11,Compact MLP,clean,16,central,fixed_0.5,42,3.2857183749999876
0.7457528957528957,0.9879795396419437,0.8499449944994499,0.9932126696832579,0.4973834349793429,5236,3910,1326,0.6865813765994299,0.8666417996491123,8,7,Logistic Regression,clean,64,central,fixed_0.5,42,3.014512833000026
0.7952980289717407,0.8565217391304348,0.8247752739810368,0.6500754147812972,0.6032231621745688,5236,3910,1326,0.7152680214324565,0.8735368505920132,8,7,Random Forest,clean,64,central,fixed_0.5,42,19.352961332999996
0.8071565802113353,0.8595907928388746,0.8325489224671786,0.6055806938159879,0.6270050495114433,5236,3910,1326,0.7330665848869549,0.8970173516677287,8,7,XGBoost,clean,64,central,fixed_0.5,42,1.4529757500000073
0.7778739987010176,0.9189258312020461,0.8425372259350451,0.7737556561085973,0.5725850875467244,5236,3910,1326,0.7077004085128051,0.8823689904217057,8,7,Compact MLP,clean,64,central,fixed_0.5,42,3.8581006659999844
0.7463292117465224,0.9879795396419437,0.8503191723530706,0.9901960784313726,0.4988917306052856,5236,3910,1326,0.6771784456454232,0.844217060529231,8,7,Logistic Regression,clean,32,central,fixed_0.5,42,0.5373362919999636
0.7979675780304863,0.8434782608695652,0.8200920054705956,0.6297134238310709,0.6068824185192472,5236,3910,1326,0.7117280593134362,0.8719631777610728,8,7,Random Forest,clean,32,central,fixed_0.5,42,18.555833166999946
0.8081854043392505,0.8383631713554988,0.8229977403966859,0.5867269984917044,0.6258180864318972,5236,3910,1326,0.733843299271312,0.8969756250354659,8,7,XGBoost,clean,32,central,fixed_0.5,42,3.5844707919999905
0.7774941501808126,0.9347826086956522,0.8489141795378005,0.7888386123680241,0.5729719981638141,5236,3910,1326,0.7134436973687763,0.8851181902681174,8,7,Compact MLP,clean,32,central,fixed_0.5,42,4.173821916999998
0.7465331278890601,0.991304347826087,0.8516809492419248,0.9924585218702866,0.4994229129779002,5236,3910,1326,0.6620661721308629,0.8277428256506336,8,7,Logistic Regression,clean,16,central,fixed_0.5,42,0.14349025000001348
0.814309643455372,0.8703324808184143,0.8413895413524539,0.5852187028657617,0.6425568889763263,5236,3910,1326,0.7543232343104466,0.9023040076885543,8,7,Random Forest,clean,16,central,fixed_0.5,42,7.985207583999966
0.8075232046897899,0.8455242966751918,0.8260869565217391,0.5942684766214178,0.625627910026887,5236,3910,1326,0.7312849830075645,0.8963640222997671,8,7,XGBoost,clean,16,central,fixed_0.5,42,0.6865251250000028
0.7854678740836567,0.9317135549872123,0.8523631258773983,0.7503770739064857,0.5906682405403634,5236,3910,1326,0.712265027986406,0.8886775286069819,8,7,Compact MLP,clean,16,central,fixed_0.5,42,4.31931154199998
0.6609083850931677,0.9860990443092963,0.7914003486345148,0.9864483342744212,0.4998253550174375,5224,3453,1771,0.6648240639854737,0.8151232353629778,9,12,Logistic Regression,clean,64,central,fixed_0.5,42,4.295766167000011
0.7053851726636078,0.8459310744280336,0.7692915459573347,0.6888763410502541,0.5785273666888897,5224,3453,1771,0.6266769720288399,0.7534862519786835,9,12,Random Forest,clean,64,central,fixed_0.5,42,18.799742750000007
0.7110413143271321,0.8523023457862728,0.7752897787144363,0.6753246753246753,0.5884888352307988,5224,3453,1771,0.6640844392138163,0.8149570165877735,9,12,XGBoost,clean,64,central,fixed_0.5,42,1.5868672920000222
0.6863452962412402,0.9359976831740515,0.7919627542269052,0.83399209486166,0.5510027941561957,5224,3453,1771,0.6765733542449442,0.8275458402090743,9,12,Compact MLP,clean,64,central,fixed_0.5,42,6.861255291999953
0.6600232198142415,0.9878366637706343,0.7913235123535552,0.9920948616600791,0.4978709010552776,5224,3453,1771,0.5751675766030013,0.7223628470930941,9,12,Logistic Regression,clean,32,central,fixed_0.5,42,0.9549070409999558
0.7065693430656934,0.8410078192875761,0.7679492264974217,0.6809712027103332,0.5800183082886214,5224,3453,1771,0.6240019439883453,0.747445100452691,9,12,Random Forest,clean,32,central,fixed_0.5,42,15.65106020899998
0.705825710158883,0.8491167101071532,0.7708689365058499,0.6900056465273856,0.5795555317898837,5224,3453,1771,0.6610323219132195,0.8115935761283999,9,12,XGBoost,clean,32,central,fixed_0.5,42,0.8661099999999351
0.6910197869101978,0.9203591080220098,0.7893691008445107,0.8023715415019763,0.5589937832600168,5224,3453,1771,0.6864198645258593,0.8293176772818929,9,12,Compact MLP,clean,32,central,fixed_0.5,42,4.401067874999967
0.6586120239706167,0.9866782507964089,0.7899373985624855,0.9971767363071711,0.4947507572446189,5224,3453,1771,0.5758126837717364,0.7257423686808262,9,12,Logistic Regression,clean,16,central,fixed_0.5,42,0.1517906660000108
0.7134831460674157,0.8459310744280336,0.7740824168543792,0.6623376623376623,0.5917967060451856,5224,3453,1771,0.6755174716116052,0.8147874973316227,9,12,Random Forest,clean,16,central,fixed_0.5,42,7.414733541000032
0.7039615846338535,0.8491167101071532,0.7697558414281964,0.6962168266516092,0.576449941727772,5224,3453,1771,0.6707198856369709,0.822995165764865,9,12,XGBoost,clean,16,central,fixed_0.5,42,0.8819687080000449
0.7065311418685121,0.946133796698523,0.8089637241550081,0.7662337662337663,0.5899500152323784,5224,3453,1771,0.6989982278767077,0.8392646506200536,9,12,Compact MLP,clean,16,central,fixed_0.5,42,6.077020167000001
0.6539886873415253,0.98559670781893,0.786258646969164,0.9855555555555555,0.5000205761316873,5202,3402,1800,0.6317656280619243,0.7826908763652223,10,4,Logistic Regression,clean,64,central,fixed_0.5,42,2.892380166999942
0.7085852478839177,0.8612580834803057,0.7774976781212684,0.6694444444444444,0.5959068195179307,5202,3402,1800,0.6481244692664445,0.7580664913650251,10,4,Random Forest,clean,64,central,fixed_0.5,42,17.388083250000022
0.7075588599752168,0.839212228101117,0.7677827080812155,0.6555555555555556,0.5918283362727808,5202,3402,1800,0.6744928636749624,0.8070369698948603,10,4,XGBoost,clean,64,central,fixed_0.5,42,3.669770584000048
0.7005826983415508,0.9188712522045855,0.7950152594099695,0.7422222222222222,0.5883245149911817,5202,3402,1800,0.6708953883336599,0.8023054452546812,10,4,Compact MLP,clean,64,central,fixed_0.5,42,5.470423332999985
0.6549034899590563,0.9873603762492651,0.787480951822764,0.9833333333333333,0.5020135214579659,5202,3402,1800,0.5765045071526553,0.7067418129063867,10,4,Logistic Regression,clean,32,central,fixed_0.5,42,0.5537075409999943
0.7070731707317073,0.852145796590241,0.7728605705145295,0.6672222222222223,0.5924617871840094,5202,3402,1800,0.6545424260239076,0.7649354385359648,10,4,Random Forest,clean,32,central,fixed_0.5,42,13.666352082999992
0.704539936877883,0.8530276308054086,0.771705890174179,0.6761111111111111,0.5884582598471487,5202,3402,1800,0.6805485335423607,0.8129002253028721,10,4,XGBoost,clean,32,central,fixed_0.5,42,1.4703769589999638
0.6938865592584419,0.9241622574955908,0.7926383461489979,0.7705555555555555,0.5768033509700177,5202,3402,1800,0.6904585537918871,0.8141633303236417,10,4,Compact MLP,clean,32,central,fixed_0.5,42,3.9627902920000224
0.6544046466602129,0.993533215755438,0.7890743550834598,0.9916666666666667,0.5009332745443856,5202,3402,1800,0.5761457312691881,0.707786143660971,10,4,Logistic Regression,clean,16,central,fixed_0.5,42,0.17506020799999078
0.7238639185497889,0.8568489124044679,0.7847624175528335,0.6177777777777778,0.6195355673133451,5202,3402,1800,0.7013394898425762,0.8146527824412434,10,4,Random Forest,clean,16,central,fixed_0.5,42,8.253375542000072
0.7174674674674675,0.8427395649617871,0.7750743444174101,0.6272222222222222,0.6077586713697825,5202,3402,1800,0.6968316023254295,0.8202936722077927,10,4,XGBoost,clean,16,central,fixed_0.5,42,1.1850352090000342
0.7023411371237458,0.9259259259259259,0.798782807151008,0.7416666666666667,0.5921296296296297,5202,3402,1800,0.6927975373963028,0.823594870159545,10,4,Compact MLP,clean,16,central,fixed_0.5,42,4.638991583000006
0.7255255255255255,0.9847826086956522,0.8355043227665706,0.925725860904794,0.5295283738954291,5161,3680,1481,0.6406507794381,0.8311034065679936,11,5,Logistic Regression,clean,64,central,fixed_0.5,42,3.159676332999993
0.7688223938223938,0.8657608695652174,0.8144171779141104,0.6468602295746118,0.6094503199953027,5161,3680,1481,0.6756843936235799,0.8144113761273368,11,5,Random Forest,clean,64,central,fixed_0.5,42,14.95623220799996
0.7740904621435595,0.8557065217391304,0.8128549303045948,0.6205266711681297,0.6175899252855004,5161,3680,1481,0.6917841572967736,0.8527647930420549,11,5,XGBoost,clean,64,central,fixed_0.5,42,1.4560202500000514
0.7391498881431767,0.8978260869565218,0.8107975460122699,0.787305874409183,0.5552601062736694,5161,3680,1481,0.6546342439010069,0.8353253165072866,11,5,Compact MLP,clean,64,central,fixed_0.5,42,2.8784584160000577
0.7241447891805887,0.9894021739130435,0.8362425355994488,0.9365293720459149,0.5264364009335643,5161,3680,1481,0.6189217405983032,0.8000389334486439,11,5,Logistic Regression,clean,32,central,fixed_0.5,42,0.8329450829999132
0.7581113801452785,0.8508152173913044,0.8017925736235595,0.6745442268737339,0.5881354952587852,5161,3680,1481,0.6661230660834336,0.8150099441287799,11,5,Random Forest,clean,32,central,fixed_0.5,42,16.10353158299995
0.7643862682143739,0.8410326086956522,0.8008798033380774,0.6441593517893315,0.5984366284531604,5161,3680,1481,0.6844341734433257,0.8509066146573997,11,5,XGBoost,clean,32,central,fixed_0.5,42,0.8938003749999552
0.7379310344827587,0.9304347826086956,0.823076923076923,0.8210668467251857,0.554683967941755,5161,3680,1481,0.6773586809734903,0.8485605474112461,11,5,Compact MLP,clean,32,central,fixed_0.5,42,6.004140624999991
0.7135912891308575,0.9972826086956522,0.8319165816615663,0.9945982444294396,0.5013421821331063,5161,3680,1481,0.6567468734403898,0.8198436738375057,11,5,Logistic Regression,clean,16,central,fixed_0.5,42,0.16513437499997963
0.7737444057682745,0.8456521739130435,0.8081017917424046,0.6144496961512491,0.6156012388808971,5161,3680,1481,0.6932177142353873,0.846111280385656,11,5,Random Forest,clean,16,central,fixed_0.5,42,7.530029708000029
0.7664828578278591,0.86875,0.8144185454082282,0.6576637407157326,0.6055431296421336,5161,3680,1481,0.6918444316413703,0.8529916155962857,11,5,XGBoost,clean,16,central,fixed_0.5,42,12.181395457999997
0.7456235141560407,0.9375,0.8306247742867461,0.7947332883187036,0.5713833558406483,5161,3680,1481,0.6510570487038723,0.8381949312117867,11,5,Compact MLP,clean,16,central,fixed_0.5,42,3.5560256659999823
0.738692474817302,0.9941520467836257,0.8475920679886686,0.9778270509977827,0.5081624978929214,5115,3762,1353,0.6808195543170453,0.8661594913246844,12,14,Logistic Regression,clean,64,central,fixed_0.5,42,2.6892289159999336
0.7603105288694808,0.8330675172780436,0.7950279046169457,0.7302291204730229,0.5514191984025103,5115,3762,1353,0.6485460863743043,0.8418715433708261,12,14,Random Forest,clean,64,central,fixed_0.5,42,24.87808491699991
0.7734375,0.8421052631578947,0.8063120386866888,0.6858832224685883,0.5781110203446531,5115,3762,1353,0.687929397055316,0.8731158095545543,12,14,XGBoost,clean,64,central,fixed_0.5,42,1.5427274580000585
0.7525306913633427,0.9287612971823498,0.8314098750743605,0.8492239467849224,0.5397686751987137,5115,3762,1353,0.6661957419922176,0.8553101817924262,12,14,Compact MLP,clean,64,central,fixed_0.5,42,2.768169124999986
0.7372464053574946,0.9949494949494949,0.8469283855639779,0.9859571322985957,0.5044961813254496,5115,3762,1353,0.6281253032916003,0.811531564332057,12,14,Logistic Regression,clean,32,central,fixed_0.5,42,0.34279083399997035
0.7598434825140621,0.8258904837852207,0.7914915297414342,0.7257945306725795,0.5500479765563207,5115,3762,1353,0.6411651230474897,0.8370731736287215,12,14,Random Forest,clean,32,central,fixed_0.5,42,9.69126074999997
0.7696245733788396,0.8391812865497076,0.8028992878942014,0.6984478935698448,0.5703666964899314,5115,3762,1353,0.6833674002246765,0.8732132336141941,12,14,XGBoost,clean,32,central,fixed_0.5,42,0.9514006249999056
0.7437046521553564,0.9263689526847422,0.8250473484848485,0.8876570583887657,0.5193559471479883,5115,3762,1353,0.6684880862147755,0.8615000521909735,12,14,Compact MLP,clean,32,central,fixed_0.5,42,4.556096207999985
0.7363975643292084,0.9965443912812334,0.8469445385744945,0.991869918699187,0.5023372362910232,5115,3762,1353,0.6204486613519172,0.804066497659079,12,14,Logistic Regression,clean,16,central,fixed_0.5,42,0.2314257909999924
0.7775919732441472,0.8652312599681021,0.8190739808756919,0.6881005173688101,0.588565371299646,5115,3762,1353,0.7193203478359272,0.8861451109689898,12,14,Random Forest,clean,16,central,fixed_0.5,42,11.474592583000003
0.7825333993072736,0.8407761828814461,0.8106099436186571,0.6496674057649667,0.5955543885582397,5115,3762,1353,0.7008773698002313,0.8815311069282583,12,14,XGBoost,clean,16,central,fixed_0.5,42,2.416086334000056
0.7574375678610207,0.9271664008506114,0.8337516433608223,0.8255728011825573,0.5507967998340271,5115,3762,1353,0.7125740620897583,0.8857002616906269,12,14,Compact MLP,clean,16,central,fixed_0.5,42,4.490302000000042
0.6989333869993962,0.9852482269503546,0.8177537085001177,0.9689119170984456,0.5081681549259545,5069,3525,1544,0.7286477051409253,0.863235675952065,13,2,Logistic Regression,clean,64,central,fixed_0.5,42,2.7178427080000347
0.7433259857947587,0.8609929078014185,0.7978443743427971,0.6787564766839378,0.5911182155587403,5069,3525,1544,0.6651841950538346,0.811830831058453,13,2,Random Forest,clean,64,central,fixed_0.5,42,23.222883791000072
0.7406859116703677,0.8516312056737588,0.7922934811295856,0.680699481865285,0.585465861904237,5069,3525,1544,0.6888242751626061,0.8523501468598192,13,2,XGBoost,clean,64,central,fixed_0.5,42,1.432251707999967
0.7279982265573044,0.9316312056737589,0.8173220507715281,0.7946891191709845,0.5684710432513872,5069,3525,1544,0.7112275383088965,0.8545096900361544,13,2,Compact MLP,clean,64,central,fixed_0.5,42,3.017769332999933
0.6993398679735947,0.99177304964539,0.8202721726888784,0.9734455958549223,0.5091637268952339,5069,3525,1544,0.638625840590894,0.7782374345373798,13,2,Logistic Regression,clean,32,central,fixed_0.5,42,0.5329541249999465
0.7420713577799801,0.849645390070922,0.792223250892739,0.6742227979274611,0.5877112960717304,5069,3525,1544,0.6604794583471134,0.8065274840639133,13,2,Random Forest,clean,32,central,fixed_0.5,42,11.360055624999973
0.7458426408538099,0.8524822695035461,0.7956049774953667,0.6632124352331606,0.5946349171351928,5069,3525,1544,0.6743139308418771,0.8415896507615386,13,2,XGBoost,clean,32,central,fixed_0.5,42,10.919675166000047
0.7265728112626485,0.9370212765957446,0.8184859373064056,0.8050518134715026,0.565984731562121,5069,3525,1544,0.6897547128210781,0.8243465770740337,13,2,Compact MLP,clean,32,central,fixed_0.5,42,2.799414959000046
0.7002789956157832,0.9968794326241135,0.8226618283975184,0.9740932642487047,0.5113930841877045,5069,3525,1544,0.6386276779480395,0.7767986888167135,13,2,Logistic Regression,clean,16,central,fixed_0.5,42,0.15439391699999305
0.7528507684680218,0.8615602836879432,0.8035454425188517,0.6457253886010362,0.6079174475434534,5069,3525,1544,0.7167030463381472,0.8522763787867108,13,2,Random Forest,clean,16,central,fixed_0.5,42,6.406714416999989
0.7528170702469432,0.8907801418439716,0.816008316008316,0.6677461139896373,0.6115170139271672,5069,3525,1544,0.7016750266416787,0.8551161485021561,13,2,XGBoost,clean,16,central,fixed_0.5,42,0.6923219170000721
0.7375902033675924,0.9568794326241135,0.8330451963447765,0.7772020725388601,0.5898386800426266,5069,3525,1544,0.7046279351780399,0.8367356056082429,13,2,Compact MLP,clean,16,central,fixed_0.5,42,3.741785875000005
0.7047812817904374,0.9925501432664756,0.824271267102915,0.982396750169262,0.5050766965486068,4967,3490,1477,0.6428229994587495,0.8213586812379161,14,6,Logistic Regression,clean,64,central,fixed_0.5,42,2.708992749999993
0.7435765673175745,0.8292263610315186,0.7840693578975887,0.6756939742721734,0.5767661933796726,4967,3490,1477,0.6504708297039807,0.8194354626959727,14,6,Random Forest,clean,64,central,fixed_0.5,42,15.291526167000029
0.7421796165489405,0.8429799426934097,0.7893748323048028,0.6919431279620853,0.5755184073656622,4967,3490,1477,0.6674144911566658,0.8436842678586786,14,6,XGBoost,clean,64,central,fixed_0.5,42,1.4167415000000574
0.7266187050359713,0.8681948424068768,0.7911227154046997,0.7718348002708192,0.5481800210680288,4967,3490,1477,0.6423479018299697,0.8319326187746725,14,6,Compact MLP,clean,64,central,fixed_0.5,42,5.075908374999926
0.7027191558441559,0.9922636103151863,0.8227607507721549,0.991875423155044,0.5001940935800712,4967,3490,1477,0.6055562560987675,0.7672447003628285,14,6,Logistic Regression,clean,32,central,fixed_0.5,42,0.414435874999981
0.7403200826019618,0.8217765042979943,0.7789244975556763,0.6811103588354773,0.5703330727312586,4967,3490,1477,0.6455553443148332,0.8169332412071424,14,6,Random Forest,clean,32,central,fixed_0.5,42,10.234013207999965
0.7377296753083312,0.8398280802292264,0.7854750100495779,0.7054840893703453,0.5671719954294405,4967,3490,1477,0.6521870204646993,0.8345554356553841,14,6,XGBoost,clean,32,central,fixed_0.5,42,1.0159945830000652
0.7212894560107455,0.9232091690544413,0.8098529596581626,0.8429248476641842,0.5401421606951285,4967,3490,1477,0.6558316342466046,0.8273205251321514,14,6,Compact MLP,clean,32,central,fixed_0.5,42,2.653117290999944
0.7026480695370931,0.9959885386819485,0.8239895697522817,0.995937711577522,0.5000254135522132,4967,3490,1477,0.6035699250979197,0.7664053143283021,14,6,Logistic Regression,clean,16,central,fixed_0.5,42,0.16568566599994483
0.7537726358148893,0.8587392550143267,0.8028395392445754,0.6628300609343263,0.5979545970400002,4967,3490,1477,0.7055177477772843,0.8613921419947523,14,6,Random Forest,clean,16,central,fixed_0.5,42,6.4946471669999255
0.7471937530502685,0.8773638968481375,0.8070637849235636,0.7014218009478673,0.5879710479501351,4967,3490,1477,0.7014527434026612,0.864257188682523,14,6,XGBoost,clean,16,central,fixed_0.5,42,0.6125452090000181
0.723200356585692,0.9297994269340975,0.813589068572145,0.8408937034529451,0.5444528617405762,4967,3490,1477,0.6788147972832719,0.8500180192123544,14,6,Compact MLP,clean,16,central,fixed_0.5,42,2.268470750000006
0.777868517762352,0.9855147439213657,0.8694659972615244,0.9890909090909091,0.4982119174152283,4966,3866,1100,0.714257160325448,0.9054032225103242,15,1,Logistic Regression,clean,64,central,fixed_0.5,42,2.514457208000067
0.8193564732708386,0.8365235385411278,0.8278510175348778,0.6481818181818182,0.5941708601796548,4966,3866,1100,0.6911194328175704,0.8873405338743976,15,1,Random Forest,clean,64,central,fixed_0.5,42,15.503375667
0.8200204813108039,0.8285049146404553,0.8242408646423057,0.639090909090909,0.5947070027747731,4966,3866,1100,0.716091802661901,0.90913349997943,15,1,XGBoost,clean,64,central,fixed_0.5,42,1.504188499999941
0.8058548009367682,0.8900672529746508,0.8458702064896755,0.7536363636363637,0.5682154446691436,4966,3866,1100,0.6910612331279687,0.8978107640804872,15,1,Compact MLP,clean,64,central,fixed_0.5,42,4.3331977919999645
0.7782085288716588,0.9865494050698397,0.8700809855138588,0.9881818181818182,0.49918379344401076,4966,3866,1100,0.6244107134458919,0.8475655731184096,15,1,Logistic Regression,clean,32,central,fixed_0.5,42,0.3777521250000291
0.8163992869875223,0.8292809105018106,0.82278968304889,0.6554545454545454,0.5869131825236326,4966,3866,1100,0.6953047547382777,0.8917900950956763,15,1,Random Forest,clean,32,central,fixed_0.5,42,9.068762916999958
0.8150113722517058,0.8341955509570615,0.8244918829093698,0.6654545454545454,0.584370502751258,4966,3866,1100,0.7168502798288106,0.9106663898013301,15,1,XGBoost,clean,32,central,fixed_0.5,42,0.975892832999989
0.8075181159420289,0.9224004138644594,0.8611446510504709,0.7727272727272727,0.5748365705685933,4966,3866,1100,0.7231980435498283,0.9107465588427067,15,1,Compact MLP,clean,32,central,fixed_0.5,42,4.296992374999945
0.7780044888798204,0.9862907397827212,0.8698528573058059,0.9890909090909091,0.49859991534590603,4966,3866,1100,0.6354484315477591,0.8492971929011285,15,1,Logistic Regression,clean,16,central,fixed_0.5,42,0.13956183299990244
0.8245139059808023,0.8665287118468702,0.8449993694034557,0.6481818181818182,0.609173446832526,4966,3866,1100,0.729880896392795,0.9094709517113625,15,1,Random Forest,clean,16,central,fixed_0.5,42,7.046797208000044
0.8171669560903002,0.8520434557682359,0.8342408509560593,0.67,0.591021727884118,4966,3866,1100,0.717759488313032,0.9097090802524638,15,1,XGBoost,clean,16,central,fixed_0.5,42,0.6495412500000839
0.8048668503213958,0.9068804966373513,0.8528338603746047,0.7727272727272727,0.5670766119550392,4966,3866,1100,0.7132159149696657,0.9071373125731724,15,1,Compact MLP,clean,16,central,fixed_0.5,42,5.986819875000037
