precision,recall,f1,fpr,balanced_accuracy,n_test,n_attack,n_normal,roc_auc,pr_auc,fold_id,held_out_run,model,threshold_rule,threshold_value,alerts_per_1000,false_alarms_per_1000,misses_per_1000_attacks
0.7141525265709491,0.9767916347870441,0.8250753985351141,0.9302184466019418,0.5232865940925512,5569,3921,1648,0.6951316102242592,0.8574666591481235,1,10,Logistic Regression,fixed_0.5,0.5,963.0095169689353,275.2738373137009,23.20836521295588
0.7135155233314743,0.9788319306299413,0.8253763440860215,0.9350728155339806,0.5218795575479804,5569,3921,1648,0.6951316102242592,0.8574666591481235,1,10,Logistic Regression,max_f1,0.48152068070132986,965.8825641946489,276.7103609265577,21.16806937005866
0.8333991314646664,0.538383065544504,0.6541679578555935,0.25606796116504854,0.6411575521897277,5569,3921,1648,0.6951316102242592,0.8574666591481235,1,10,Logistic Regression,max_youden_j,0.7175511868206788,454.83928892081167,75.77662057820075,461.61693445549605
0.8797289666854884,0.39734761540423363,0.5474349964862966,0.12924757281553398,0.6340500212943498,5569,3921,1648,0.6951316102242592,0.8574666591481235,1,10,Logistic Regression,constrained_fpr_10pct,0.7493466778499468,318.0104147961932,38.247441192314604,602.6523845957664
0.7476718403547672,0.8599846977811783,0.799905112086348,0.6905339805825242,0.584725358599327,5569,3921,1648,0.682168287884753,0.8383940619406165,1,10,Random Forest,fixed_0.5,0.5,809.8401867480696,204.34548392889207,140.01530221882172
0.7691345672836418,0.7842387146136189,0.7766132087384771,0.5600728155339806,0.6120829495398192,5569,3921,1648,0.682168287884753,0.8383940619406165,1,10,Random Forest,max_f1,0.605,717.9026755252289,165.73891183336326,215.76128538638105
0.7691345672836418,0.7842387146136189,0.7766132087384771,0.5600728155339806,0.6120829495398192,5569,3921,1648,0.682168287884753,0.8383940619406165,1,10,Random Forest,max_youden_j,0.605,717.9026755252289,165.73891183336326,215.76128538638105
0.7691345672836418,0.7842387146136189,0.7766132087384771,0.5600728155339806,0.6120829495398192,5569,3921,1648,0.682168287884753,0.8383940619406165,1,10,Random Forest,constrained_fpr_10pct,0.605,717.9026755252289,165.73891183336326,215.76128538638105
0.746971736204576,0.8492731446059678,0.7948442534908701,0.6844660194174758,0.5824035625942461,5569,3921,1648,0.6980697198059738,0.8624493236835935,1,10,XGBoost,fixed_0.5,0.5,800.5027832644998,202.549829412821,150.72685539403213
0.7598548972188633,0.8013261922978832,0.7800397219463754,0.6025485436893204,0.5993888243042814,5569,3921,1648,0.6980697198059738,0.8624493236835935,1,10,XGBoost,max_f1,0.578079104423523,742.5031423954032,178.30849344586102,198.67380770211682
0.7703587326525269,0.7503187962254527,0.7602067183462532,0.5321601941747572,0.6090793010253477,5569,3921,1648,0.6980697198059738,0.8624493236835935,1,10,XGBoost,max_youden_j,0.6386687755584717,685.7604596875561,157.47890105943617,249.6812037745473
0.7544315764594659,0.8140780413159908,0.7831207065750736,0.6304611650485437,0.5918084381337235,5569,3921,1648,0.6980697198059738,0.8624493236835935,1,10,XGBoost,constrained_fpr_10pct,0.5554347038269043,759.7414257496857,186.5685042197881,185.92195868400918
0.7318825703141039,0.9092068349910737,0.8109645131938126,0.7924757281553398,0.558365553417867,5569,3921,1648,0.689953028626044,0.8610106412734672,1,10,Compact MLP,fixed_0.5,0.5,874.6633147782367,234.51247979888672,90.7931650089263
0.7319967266775778,0.9125223157357817,0.8123510046543307,0.7949029126213593,0.5588097015572112,5569,3921,1648,0.689953028626044,0.8610106412734672,1,10,Compact MLP,max_f1,0.49617344174658756,877.7159274555576,235.23074160531513,87.47768426421831
0.7827715355805244,0.6396327467482785,0.704,0.4223300970873786,0.6086513248304499,5569,3921,1648,0.689953028626044,0.8610106412734672,1,10,Compact MLP,max_youden_j,0.7324366880565559,575.327706949183,124.97755431854911,360.3672532517215
0.8406104281475202,0.5057383320581484,0.6315286624203822,0.22815533980582525,0.6387914961261616,5569,3921,1648,0.689953028626044,0.8610106412734672,1,10,Compact MLP,constrained_fpr_10pct,0.8114080564179945,423.59490034117437,67.51660980427366,494.26166794185156
0.7112890922959573,0.9787457360272894,0.8238542241855329,0.9438902743142145,0.5174277308565375,5415,3811,1604,0.6973161755804663,0.8600614373990232,2,3,Logistic Regression,fixed_0.5,0.5,968.421052631579,279.5937211449677,21.254263972710575
0.7085606773283161,0.9881920755707163,0.8253342099495946,0.96571072319202,0.5112406761893482,5415,3811,1604,0.6973161755804663,0.8600614373990232,2,3,Logistic Regression,max_f1,0.45862993549712644,981.5327793167128,286.05724838411817,11.807924429283652
0.8358686949559647,0.5478876935187614,0.6619115549215406,0.25561097256857856,0.6461383604750914,5415,3811,1604,0.6973161755804663,0.8600614373990232,2,3,Logistic Regression,max_youden_j,0.7193065794422435,461.3111726685134,75.71560480147738,452.11230648123853
0.8898104265402843,0.39412227761742324,0.5462811420258229,0.11596009975062344,0.6390810889333999,5415,3811,1604,0.6973161755804663,0.8600614373990232,2,3,Logistic Regression,constrained_fpr_10pct,0.7480420222185895,311.7266851338874,34.34903047091413,605.8777223825767
0.7573844419391206,0.881395959065862,0.8146980354111084,0.6708229426433915,0.6052865082112352,5415,3811,1604,0.6750586960831979,0.8160605601010655,2,3,Random Forest,fixed_0.5,0.5,819.0212373037857,198.7072945521699,118.60404093413803
0.7802371541501977,0.7769614274468644,0.7785958453852222,0.5199501246882793,0.6285056513792926,5415,3811,1604,0.6750586960831979,0.8160605601010655,2,3,Random Forest,max_f1,0.62,700.8310249307478,154.01662049861494,223.03857255313568
0.7802371541501977,0.7769614274468644,0.7785958453852222,0.5199501246882793,0.6285056513792926,5415,3811,1604,0.6750586960831979,0.8160605601010655,2,3,Random Forest,max_youden_j,0.62,700.8310249307478,154.01662049861494,223.03857255313568
0.7802371541501977,0.7769614274468644,0.7785958453852222,0.5199501246882793,0.6285056513792926,5415,3811,1604,0.6750586960831979,0.8160605601010655,2,3,Random Forest,constrained_fpr_10pct,0.62,700.8310249307478,154.01662049861494,223.03857255313568
0.7618611047444419,0.8722120178430858,0.8133104966968436,0.6477556109725686,0.6122282034352586,5415,3811,1604,0.7049734951521746,0.862726143888613,2,3,XGBoost,fixed_0.5,0.5,805.724838411819,191.87442289935365,127.7879821569142
0.7676915568570034,0.8255051167672527,0.7955493741307371,0.5935162094763092,0.6159944536454718,5415,3811,1604,0.7049734951521746,0.862726143888613,2,3,XGBoost,max_f1,0.568541944026947,756.786703601108,175.80794090489383,174.4948832327473
0.7724230254350736,0.7570191550774075,0.7646435197455606,0.529925187032419,0.6135469840224943,5415,3811,1604,0.7049734951521746,0.862726143888613,2,3,XGBoost,max_youden_j,0.641348659992218,689.7506925207756,156.97137580794092,242.9808449225925
0.7654291224686596,0.8331146680661243,0.797838924488001,0.6066084788029925,0.613253094631566,5415,3811,1604,0.7049734951521746,0.862726143888613,2,3,XGBoost,constrained_fpr_10pct,0.5586010217666626,766.0203139427516,179.68605724838412,166.88533193387562
0.7424210303158787,0.918918918918919,0.8212945590994372,0.7574812967581047,0.5807188110804071,5415,3811,1604,0.6895091711812047,0.8519281183395508,2,3,Compact MLP,fixed_0.5,0.5,871.0987996306557,224.37673130193906,81.08108108108108
0.7298873692679002,0.9522435056415639,0.8263691221678242,0.837281795511222,0.557480855065171,5415,3811,1604,0.6895091711812047,0.8519281183395508,2,3,Compact MLP,max_f1,0.43537384693751546,918.1902123730379,248.01477377654663,47.7564943584361
0.7865397688647179,0.6071897139858304,0.6853250407226418,0.3915211970074813,0.6078342584891745,5415,3811,1604,0.6895091711812047,0.8519281183395508,2,3,Compact MLP,max_youden_j,0.7092704012821169,543.3056325023084,115.97414589104339,392.8102860141695
0.8614072494669509,0.42403568617160853,0.5683136979075083,0.16209476309226933,0.6309704615396696,5415,3811,1604,0.6895091711812047,0.8519281183395508,2,3,Compact MLP,constrained_fpr_10pct,0.800967221950281,346.4450600184672,48.014773776546626,575.9643138283915
0.6785159285159286,0.9784313725490196,0.8013305804083506,0.9350282485875706,0.5217015619807245,5340,3570,1770,0.7097065945022076,0.8449330286971118,3,9,Logistic Regression,fixed_0.5,0.5,964.0449438202247,309.9250936329588,21.56862745098039
0.6685393258426966,1.0,0.8013468013468014,1.0,0.5,5340,3570,1770,0.7097065945022076,0.8449330286971118,3,9,Logistic Regression,max_f1,0.0006536903354656286,1000.0,331.46067415730334,0.0
0.8121125417262757,0.47703081232493,0.6010234692076937,0.22259887005649717,0.6272159711342165,5340,3570,1770,0.7097065945022076,0.8449330286971118,3,9,Logistic Regression,max_youden_j,0.7140456339369489,392.69662921348316,73.78277153558052,522.9691876750701
0.8921634293369055,0.373109243697479,0.5261702547896504,0.09096045197740113,0.6410743958600389,5340,3570,1770,0.7097065945022076,0.8449330286971118,3,9,Logistic Regression,constrained_fpr_10pct,0.7485572412666994,279.5880149812734,30.149812734082396,626.890756302521
0.7366039533222196,0.8663865546218488,0.7962414725189857,0.6248587570621469,0.6207638987798509,5340,3570,1770,0.7273101330927851,0.8374361655885018,3,9,Random Forest,fixed_0.5,0.5,786.3295880149814,207.11610486891385,133.61344537815125
0.768169014084507,0.7638655462184873,0.7660112359550562,0.46497175141242936,0.649446897403029,5340,3570,1770,0.7273101330927851,0.8374361655885018,3,9,Random Forest,max_f1,0.615,664.7940074906367,154.11985018726594,236.1344537815126
0.768169014084507,0.7638655462184873,0.7660112359550562,0.46497175141242936,0.649446897403029,5340,3570,1770,0.7273101330927851,0.8374361655885018,3,9,Random Forest,max_youden_j,0.615,664.7940074906367,154.11985018726594,236.1344537815126
0.768169014084507,0.7638655462184873,0.7660112359550562,0.46497175141242936,0.649446897403029,5340,3570,1770,0.7273101330927851,0.8374361655885018,3,9,Random Forest,constrained_fpr_10pct,0.615,664.7940074906367,154.11985018726594,236.1344537815126
0.753016498399409,0.8565826330532212,0.8014676975494692,0.5666666666666667,0.6449579831932772,5340,3570,1770,0.7607711785279083,0.8778679777318181,3,9,XGBoost,fixed_0.5,0.5,760.4868913857678,187.82771535580525,143.4173669467787
0.7590297917215925,0.8064425770308123,0.7820181991036262,0.5163841807909605,0.645029198119926,5340,3570,1770,0.7607711785279083,0.8778679777318181,3,9,XGBoost,max_f1,0.5734910368919373,710.2996254681648,171.1610486891386,193.55742296918768
0.7776507573592455,0.7621848739495798,0.7698401471212336,0.43954802259887005,0.6613184256753548,5340,3570,1770,0.7607711785279083,0.8778679777318181,3,9,XGBoost,max_youden_j,0.6420167088508606,655.2434456928838,145.69288389513108,237.81512605042016
0.7590897201150929,0.8128851540616246,0.7850669552279183,0.5203389830508475,0.6462730855053886,5340,3570,1770,0.7607711785279083,0.8778679777318181,3,9,XGBoost,constrained_fpr_10pct,0.568818986415863,715.9176029962547,172.47191011235955,187.11484593837534
0.7234232226431915,0.9092436974789916,0.8057589673575772,0.7011299435028249,0.6040568769880834,5340,3570,1770,0.7152487774770926,0.8472758066456891,3,9,Compact MLP,fixed_0.5,0.5,840.2621722846442,232.39700374531836,90.7563025210084
0.7147449635662237,0.9341736694677871,0.8098591549295775,0.7519774011299435,0.5910981341689219,5340,3570,1770,0.7152487774770926,0.8472758066456891,3,9,Compact MLP,max_f1,0.46158121209299496,873.7827715355805,249.250936329588,65.82633053221289
0.7899964526427812,0.6238095238095238,0.6971357019877915,0.3344632768361582,0.6446731234866828,5340,3570,1770,0.7152487774770926,0.8472758066456891,3,9,Compact MLP,max_youden_j,0.7054782175728429,527.9026217228464,110.86142322097378,376.1904761904762
0.8408458542014469,0.42324929971988795,0.56307061673188,0.1615819209039548,0.6308336894079666,5340,3570,1770,0.7152487774770926,0.8472758066456891,3,9,Compact MLP,constrained_fpr_10pct,0.7976492453959894,336.5168539325843,53.55805243445693,576.750700280112
0.7223968565815324,0.9750729249535932,0.8299289019298047,0.9151554404145078,0.5299587422695428,5315,3771,1544,0.6979094961136462,0.8588084872376679,4,8,Logistic Regression,fixed_0.5,0.5,957.6669802445907,265.8513640639699,24.927075046406788
0.7185929648241206,0.9859453725802174,0.8313024035774176,0.9430051813471503,0.5214700956165336,5315,3771,1544,0.6979094961136462,0.8588084872376679,4,8,Logistic Regression,max_f1,0.45286953614873154,973.4713076199436,273.9416745061148,14.05462741978255
0.8544698544698545,0.43595863166268894,0.5773485513608428,0.18134715025906736,0.6273057407018108,5315,3771,1544,0.6979094961136462,0.8588084872376679,4,8,Logistic Regression,max_youden_j,0.7252371987562947,361.99435559736594,52.68109125117592,564.0413683373112
0.8862158647594278,0.3614425881728984,0.5134676963646638,0.1133419689119171,0.6240503096304907,5315,3771,1544,0.6979094961136462,0.8588084872376679,4,8,Logistic Regression,constrained_fpr_10pct,0.747208918695231,289.36970837253057,32.92568203198495,638.5574118271015
0.7677465459742735,0.854680456112437,0.8088844271552265,0.6314766839378239,0.6116018860873066,5315,3771,1544,0.6875480040615387,0.8304612503117248,4,8,Random Forest,fixed_0.5,0.5,789.8400752587019,183.44308560677328,145.319543887563
0.7821380243572396,0.7663749668522938,0.7741762657380123,0.5213730569948186,0.6225009549287376,5315,3771,1544,0.6875480040615387,0.8304612503117248,4,8,Random Forest,max_f1,0.6,695.2022577610536,151.45813734713076,233.62503314770618
0.7821380243572396,0.7663749668522938,0.7741762657380123,0.5213730569948186,0.6225009549287376,5315,3771,1544,0.6875480040615387,0.8304612503117248,4,8,Random Forest,max_youden_j,0.6,695.2022577610536,151.45813734713076,233.62503314770618
0.7821380243572396,0.7663749668522938,0.7741762657380123,0.5213730569948186,0.6225009549287376,5315,3771,1544,0.6875480040615387,0.8304612503117248,4,8,Random Forest,constrained_fpr_10pct,0.6,695.2022577610536,151.45813734713076,233.62503314770618
0.7652740883844482,0.8403606470432247,0.8010616784630941,0.6295336787564767,0.605413484143374,5315,3771,1544,0.6987582834915492,0.8529607729360729,4,8,XGBoost,fixed_0.5,0.5,779.1157102539981,182.87864534336785,159.63935295677538
0.7788944723618091,0.7809599575709361,0.7799258474576272,0.5414507772020726,0.6197545901844318,5315,3771,1544,0.6987582834915492,0.8529607729360729,4,8,XGBoost,max_f1,0.5821210741996765,711.3828786453433,157.2906867356538,219.0400424290639
0.7855319148936171,0.7342879872712809,0.759046052631579,0.4896373056994819,0.6223253407858995,5315,3771,1544,0.6987582834915492,0.8529607729360729,4,8,XGBoost,max_youden_j,0.6394952535629272,663.2173095014111,142.23894637817497,265.7120127287192
0.7744438696326953,0.7939538583929993,0.7840775173497446,0.5647668393782384,0.6145935095073805,5315,3771,1544,0.6987582834915492,0.8529607729360729,4,8,XGBoost,constrained_fpr_10pct,0.5618686079978943,727.3753527751646,164.06396989651927,206.0461416070008
0.731728475384949,0.8947228851763458,0.8050584586017657,0.8011658031088082,0.5467785410337688,5315,3771,1544,0.6723995023378578,0.8196805065877342,4,8,Compact MLP,fixed_0.5,0.5,867.5446848541862,232.73753527751646,105.2771148236542
0.7310503236583838,0.9284009546539379,0.8179906542056075,0.8341968911917098,0.547102031731114,5315,3771,1544,0.6723995023378578,0.8196805065877342,4,8,Compact MLP,max_f1,0.46001871686407997,901.0348071495766,242.33301975540923,71.59904534606206
0.8017015706806283,0.6496950411031557,0.7177383916800938,0.39248704663212436,0.6286039972355157,5315,3771,1544,0.6723995023378578,0.8196805065877342,4,8,Compact MLP,max_youden_j,0.7117187295304541,574.9764816556915,114.01693320790217,350.3049588968443
0.8240384615384615,0.4545213471227791,0.585882755084601,0.23704663212435234,0.6087373574992134,5315,3771,1544,0.6723995023378578,0.8196805065877342,4,8,Compact MLP,constrained_fpr_10pct,0.7958192839318741,391.3452492944497,68.86171213546565,545.4786528772208
0.6547058823529411,0.9777452415812592,0.7842630651790957,0.9462654486835035,0.5157398964488779,5276,3415,1861,0.7156952881171115,0.8349183781053917,5,15,Logistic Regression,fixed_0.5,0.5,966.6413949962092,333.7755875663381,22.25475841874085
0.6473265073947668,0.9997071742313324,0.7858211531821844,0.999462654486835,0.5001222598722487,5276,3415,1861,0.7156952881171115,0.8349183781053917,5,15,Logistic Regression,max_f1,0.0010743638411345132,999.6209249431387,352.5398028809704,0.29282576866764276
0.8221635883905013,0.4562225475841874,0.5868173258003766,0.18108543793659324,0.637568554823797,5276,3415,1861,0.7156952881171115,0.8349183781053917,5,15,Logistic Regression,max_youden_j,0.7327348104057153,359.17361637604245,63.87414708112206,543.7774524158125
0.8612143742255266,0.40702781844802344,0.5527937959832969,0.12036539494895218,0.6433312117495357,5276,3415,1861,0.7156952881171115,0.8349183781053917,5,15,Logistic Regression,constrained_fpr_10pct,0.7494771724228334,305.91357088703563,42.45640636846096,592.9721815519766
0.72139546230788,0.8658857979502196,0.7870641469257387,0.6136485760343902,0.6261186109579148,5276,3415,1861,0.720690634531884,0.8128033750966475,5,15,Random Forest,fixed_0.5,0.5,776.9143290371494,216.4518574677786,134.1142020497804
0.7554395126196692,0.7625183016105417,0.7589624016321772,0.45298226759806554,0.654768017006238,5276,3415,1861,0.720690634531884,0.8128033750966475,5,15,Random Forest,max_f1,0.62,653.3358605003791,159.78013646702047,237.48169838945827
0.7554395126196692,0.7625183016105417,0.7589624016321772,0.45298226759806554,0.654768017006238,5276,3415,1861,0.720690634531884,0.8128033750966475,5,15,Random Forest,max_youden_j,0.62,653.3358605003791,159.78013646702047,237.48169838945827
0.7554395126196692,0.7625183016105417,0.7589624016321772,0.45298226759806554,0.654768017006238,5276,3415,1861,0.720690634531884,0.8128033750966475,5,15,Random Forest,constrained_fpr_10pct,0.62,653.3358605003791,159.78013646702047,237.48169838945827
0.7246055226824457,0.8606149341142021,0.7867755320572882,0.600214938205266,0.630199997954468,5276,3415,1861,0.7414479848756513,0.8467696496342644,5,15,XGBoost,fixed_0.5,0.5,768.7642153146323,211.7134192570129,139.38506588579793
0.7406225059856345,0.8152269399707174,0.776136046835796,0.5239118753358409,0.6456575323174383,5276,3415,1861,0.7414479848756513,0.8467696496342644,5,15,XGBoost,max_f1,0.572228193283081,712.4715693707354,184.79909021986353,184.77306002928256
0.764336917562724,0.7493411420204978,0.7567647493715807,0.4239656098871574,0.6626877660666701,5276,3415,1861,0.7414479848756513,0.8467696496342644,5,15,XGBoost,max_youden_j,0.6533751487731934,634.5716451857468,149.5451099317665,250.65885797950222
0.7406616862326574,0.8128843338213763,0.7750942342593885,0.522299838796346,0.6452922475125151,5276,3415,1861,0.7414479848756513,0.8467696496342644,5,15,XGBoost,constrained_fpr_10pct,0.5746970176696777,710.3866565579984,184.23047763457166,187.1156661786237
0.6858012611437269,0.9235724743777453,0.7871225355627651,0.7764642665233745,0.5735541039271854,5276,3415,1861,0.721578552754663,0.8401984937689448,5,15,Compact MLP,fixed_0.5,0.5,871.683093252464,273.8817285822593,76.42752562225476
0.6818278427205101,0.939385065885798,0.7901477832512315,0.8044062332079527,0.5674894163389226,5276,3415,1861,0.721578552754663,0.8401984937689448,5,15,Compact MLP,max_f1,0.46959356011307973,891.7740712661106,283.73768006065205,60.61493411420205
0.776495278069255,0.6500732064421669,0.7076824992030603,0.3433637829124127,0.6533547117648771,5276,3415,1861,0.721578552754663,0.8401984937689448,5,15,Compact MLP,max_youden_j,0.7271228751697906,541.8877937831691,121.1144806671721,349.9267935578331
0.8342827550491974,0.47174231332357247,0.6026936026936027,0.17195056421278881,0.6498958745553918,5276,3415,1861,0.721578552754663,0.8401984937689448,5,15,Compact MLP,constrained_fpr_10pct,0.817797737933422,365.9969673995451,60.65200909780136,528.2576866764275
0.7908432792017218,0.9815444390480816,0.8759345541228736,0.9271465741543798,0.5271989324468509,5271,4118,1153,0.6542941592492418,0.8842378122825785,6,13,Logistic Regression,fixed_0.5,0.5,969.6452286093721,202.8078163536331,18.455560951918407
0.781214421252372,0.9997571636716853,0.8770771197273115,1.0,0.49987858183584266,5271,4118,1153,0.6542941592492418,0.8842378122825785,6,13,Logistic Regression,max_f1,0.0011799289663123383,999.8102826788086,218.74407133371275,0.24283632831471588
0.8535864978902954,0.49125789218067023,0.6236128236744759,0.30095403295750217,0.595151929611584,5271,4118,1153,0.6542941592492418,0.8842378122825785,6,13,Logistic Regression,max_youden_j,0.7045068261348143,449.63005122367673,65.8319104534244,508.7421078193298
0.9183908045977012,0.38805245264691596,0.5455786958006146,0.12315698178664354,0.6324477354301362,5271,4118,1153,0.6542941592492418,0.8842378122825785,6,13,Logistic Regression,constrained_fpr_10pct,0.7431491200753427,330.1081388730791,26.93985960918232,611.947547353084
0.8177328316086547,0.8443419135502671,0.8308243727598567,0.6721595836947094,0.5860911649277788,5271,4118,1153,0.6486549015659888,0.8579116201920106,6,13,Random Forest,fixed_0.5,0.5,806.6780497059382,147.0309239233542,155.65808644973288
0.8302900107411385,0.7508499271491015,0.7885743432797756,0.5481352992194276,0.6013573139648369,5271,4118,1153,0.6486549015659888,0.8579116201920106,6,13,Random Forest,max_f1,0.605,706.507304116866,119.90134699298045,249.15007285089848
0.8302900107411385,0.7508499271491015,0.7885743432797756,0.5481352992194276,0.6013573139648369,5271,4118,1153,0.6486549015659888,0.8579116201920106,6,13,Random Forest,max_youden_j,0.605,706.507304116866,119.90134699298045,249.15007285089848
0.8302900107411385,0.7508499271491015,0.7885743432797756,0.5481352992194276,0.6013573139648369,5271,4118,1153,0.6486549015659888,0.8579116201920106,6,13,Random Forest,constrained_fpr_10pct,0.605,706.507304116866,119.90134699298045,249.15007285089848
0.8223303219828585,0.8620689655172413,0.8417308832246592,0.6652211621856028,0.5984239016658193,5271,4118,1153,0.7029166054135021,0.9023367547030368,6,13,XGBoost,fixed_0.5,0.5,819.0096755833807,145.5131853538228,137.9310344827586
0.8301981439678957,0.8037882467217096,0.8167797655768044,0.5871639202081527,0.6083121632567785,5271,4118,1153,0.7029166054135021,0.9023367547030368,6,13,XGBoost,max_f1,0.5753642320632935,756.4029595902106,128.43862644659455,196.21175327829044
0.8384386012469504,0.7510927634774163,0.792365825541181,0.5169124024284475,0.6170901805244844,5271,4118,1153,0.7029166054135021,0.9023367547030368,6,13,XGBoost,max_youden_j,0.6405848860740662,699.8671978751661,113.07152343008917,248.9072365225838
0.8290766208251473,0.8198154443904808,0.8244200244200244,0.603642671292281,0.6080863865491,5271,4118,1153,0.7029166054135021,0.9023367547030368,6,13,XGBoost,constrained_fpr_10pct,0.5582050681114197,772.5289318914816,132.04325554923165,180.18455560951918
0.8112760921024317,0.9154929577464789,0.8602395892755277,0.7606244579358196,0.5774342499053297,5271,4118,1153,0.6835080224445637,0.8942879776588537,6,13,Compact MLP,fixed_0.5,0.5,881.6163915765509,166.38209068487953,84.50704225352112
0.8071758287872429,0.934191355026712,0.8660513282305268,0.7970511708586296,0.5685700920840412,5271,4118,1153,0.6835080224445637,0.8942879776588537,6,13,Compact MLP,max_f1,0.45452279339319157,904.1927527983305,174.35021817491935,65.80864497328801
0.8467541681447321,0.5796503156872268,0.6881937436932392,0.3746747614917606,0.602487777097733,5271,4118,1153,0.6835080224445637,0.8942879776588537,6,13,Compact MLP,max_youden_j,0.7253909323875741,534.8131284386264,81.9578827546955,420.3496843127732
0.8801498127340824,0.4565322972316659,0.601215222257755,0.2220294882914137,0.617251404470126,5271,4118,1153,0.6835080224445637,0.8942879776588537,6,13,Compact MLP,constrained_fpr_10pct,0.8062920915758095,405.2361980648833,48.567634225004745,543.4677027683341
0.7669998040368411,0.9861426051902242,0.8628747795414462,0.9274570982839313,0.5293427534531464,5251,3969,1282,0.7121722208268528,0.8844832197999938,7,11,Logistic Regression,fixed_0.5,0.5,971.8148924014473,226.43306036945344,13.857394809775762
0.7632241813602015,0.9924414210128496,0.8628696604600219,0.953198127925117,0.5196216465438663,5251,3969,1282,0.7121722208268528,0.8844832197999938,7,11,Logistic Regression,max_f1,0.4512100132741133,982.8604075414207,232.71757760426584,7.558578987150416
0.8824577025823687,0.4993701184177375,0.6378117457763476,0.2059282371294852,0.6467209406441261,5251,3969,1282,0.7121722208268528,0.8844832197999938,7,11,Logistic Regression,max_youden_j,0.7048701202600458,427.72805179965724,50.276137878499334,500.6298815822625
0.9150815217391305,0.3393801965230537,0.49512957176989525,0.09750390015600624,0.6209381481835237,5251,3969,1282,0.7121722208268528,0.8844832197999938,7,11,Logistic Regression,constrained_fpr_10pct,0.7397944720989443,280.32755665587507,23.80498952580461,660.6198034769463
0.7936798717655141,0.873267825648778,0.831573896353167,0.702808112324493,0.5852298566621426,5251,3969,1282,0.6622332240228384,0.8505564704622282,7,11,Random Forest,fixed_0.5,0.5,831.6511140735098,171.58636450199964,126.73217435122197
0.8060479666319083,0.7790375409423028,0.7923126201153107,0.5803432137285491,0.5993471636068768,5251,3969,1282,0.6622332240228384,0.8505564704622282,7,11,Random Forest,max_f1,0.61,730.5275185678918,141.68729765758903,220.96245905769715
0.8060479666319083,0.7790375409423028,0.7923126201153107,0.5803432137285491,0.5993471636068768,5251,3969,1282,0.6622332240228384,0.8505564704622282,7,11,Random Forest,max_youden_j,0.61,730.5275185678918,141.68729765758903,220.96245905769715
0.8060479666319083,0.7790375409423028,0.7923126201153107,0.5803432137285491,0.5993471636068768,5251,3969,1282,0.6622332240228384,0.8505564704622282,7,11,Random Forest,constrained_fpr_10pct,0.61,730.5275185678918,141.68729765758903,220.96245905769715
0.7927797833935019,0.8299319727891157,0.810930576070901,0.671606864274571,0.5791625542572724,5251,3969,1282,0.6690918581565636,0.8747008861307127,7,11,XGBoost,fixed_0.5,0.5,791.2778518377453,163.96876785374215,170.06802721088434
0.7992757371960683,0.7785336356764928,0.7887683471601787,0.6053042121684867,0.586614711754003,5251,3969,1282,0.6690918581565636,0.8747008861307127,7,11,XGBoost,max_f1,0.5814570188522339,736.2407160540849,147.781374976195,221.46636432350718
0.8071886319309,0.7299067775258251,0.7666049219370203,0.5397815912636506,0.5950625931310873,5251,3969,1282,0.6690918581565636,0.8747008861307127,7,11,XGBoost,max_youden_j,0.6432913541793823,683.4888592649019,131.78442201485433,270.0932224741748
0.797918253363798,0.7918871252204586,0.7948912493677289,0.6209048361934477,0.5854911445135054,5251,3969,1282,0.6690918581565636,0.8747008861307127,7,11,XGBoost,constrained_fpr_10pct,0.5617212653160095,750.1428299371548,151.59017330032376,208.11287477954144
0.7735206470838655,0.9155958679768204,0.8385831314180224,0.8299531981279251,0.5428213349244476,5251,3969,1282,0.643647000604136,0.8427257540150741,7,11,Compact MLP,fixed_0.5,0.5,894.6867263378404,202.62807084364883,84.40413202317964
0.7676416445080794,0.9455782312925171,0.8473696093926394,0.8861154446177847,0.5297313933373662,5251,3969,1282,0.643647000604136,0.8427257540150741,7,11,Compact MLP,max_f1,0.4391447060479424,931.0607503332699,216.3397448105123,54.42176870748299
0.8288321167883211,0.5721844293272865,0.6770010433745715,0.3658346333853354,0.6031748979709756,5251,3969,1282,0.643647000604136,0.8427257540150741,7,11,Compact MLP,max_youden_j,0.7175497225181748,521.8053704056371,89.31632070081889,427.81557067271353
0.8300554715078164,0.41471403376165283,0.5530913978494624,0.2628705148205928,0.5759217594705299,5251,3969,1282,0.643647000604136,0.8427257540150741,7,11,Compact MLP,constrained_fpr_10pct,0.7778323904443506,377.64235383736434,64.17825176156923,585.2859662383472
0.7533570300157978,0.9757033248081841,0.8502340093603744,0.9419306184012066,0.5168863532034887,5236,3910,1326,0.7076236435947584,0.8814734863290563,8,7,Logistic Regression,fixed_0.5,0.5,967.1504965622613,238.54087089381207,24.296675191815854
0.7506827936012486,0.9841432225063939,0.8517042939353696,0.9638009049773756,0.5101711587645091,5236,3910,1326,0.7076236435947584,0.8814734863290563,8,7,Logistic Regression,max_f1,0.46139031488568727,978.9915966386554,244.07944996180288,15.856777493606138
0.8568635119280407,0.5603580562659847,0.6775939384567806,0.27601809954751133,0.6421699783592367,5236,3910,1326,0.7076236435947584,0.8814734863290563,8,7,Logistic Regression,max_youden_j,0.7047286433866988,488.34988540870893,69.90068754774637,439.64194373401534
0.9105793450881612,0.3698209718670077,0.5260094579847218,0.10708898944193061,0.6313659912125386,5236,3910,1326,0.7076236435947584,0.8814734863290563,8,7,Logistic Regression,constrained_fpr_10pct,0.7402368663797384,303.2849503437739,27.119938884644768,630.1790281329924
0.796521324755778,0.8549872122762149,0.8247193783150364,0.6440422322775264,0.6054724899993442,5236,3910,1326,0.7180927968275644,0.8721063034266457,8,7,Random Forest,fixed_0.5,0.5,801.5660809778457,163.1016042780749,145.01278772378518
0.8245277853818779,0.7703324808184143,0.796509321697739,0.48340874811463047,0.643461866351892,5236,3910,1326,0.7180927968275644,0.8721063034266457,8,7,Random Forest,max_f1,0.625,697.6699770817419,122.42169595110772,229.66751918158567
0.8245277853818779,0.7703324808184143,0.796509321697739,0.48340874811463047,0.643461866351892,5236,3910,1326,0.7180927968275644,0.8721063034266457,8,7,Random Forest,max_youden_j,0.625,697.6699770817419,122.42169595110772,229.66751918158567
0.8245277853818779,0.7703324808184143,0.796509321697739,0.48340874811463047,0.643461866351892,5236,3910,1326,0.7180927968275644,0.8721063034266457,8,7,Random Forest,constrained_fpr_10pct,0.625,697.6699770817419,122.42169595110772,229.66751918158567
0.808428190845241,0.8537084398976982,0.8304515487000871,0.5965309200603318,0.6285887599186832,5236,3910,1326,0.7492360154764246,0.9050498570388774,8,7,XGBoost,fixed_0.5,0.5,788.5790679908326,151.06951871657753,146.2915601023018
0.8183710642727036,0.8043478260869565,0.8112988520572681,0.526395173453997,0.6389763263164798,5236,3910,1326,0.7492360154764246,0.9050498570388774,8,7,XGBoost,max_f1,0.5819822549819946,733.9572192513369,133.30786860198626,195.6521739130435
0.8263506063947078,0.7667519181585678,0.7954364552931812,0.4751131221719457,0.6458193979933111,5236,3910,1326,0.7492360154764246,0.9050498570388774,8,7,XGBoost,max_youden_j,0.6327193975448608,692.8953399541635,120.32085561497325,233.24808184143222
0.8152284263959391,0.8214833759590793,0.818343949044586,0.5490196078431373,0.636231884057971,5236,3910,1326,0.7492360154764246,0.9050498570388774,8,7,XGBoost,constrained_fpr_10pct,0.5586555004119873,752.4828113063407,139.0374331550802,178.51662404092073
0.7753285290377279,0.9355498721227622,0.8479369494668522,0.799396681749623,0.5680765951865696,5236,3910,1326,0.6955107953076962,0.8791646605693383,8,7,Compact MLP,fixed_0.5,0.5,901.0695187165776,202.4446142093201,64.45012787723785
0.7647178651456509,0.9601023017902813,0.8513436897607438,0.8710407239819005,0.5445307889041905,5236,3910,1326,0.6955107953076962,0.8791646605693383,8,7,Compact MLP,max_f1,0.45226186037005406,937.5477463712758,220.58823529411765,39.89769820971867
0.8402725208175624,0.5677749360613811,0.6776556776556777,0.31825037707390647,0.6247622794937373,5236,3910,1326,0.6955107953076962,0.8791646605693383,8,7,Compact MLP,max_youden_j,0.7518262946342061,504.5836516424752,80.59587471352177,432.2250639386189
0.8863393810032018,0.4248081841432225,0.5743430152143845,0.16063348416289594,0.6320873499901634,5236,3910,1326,0.6955107953076962,0.8791646605693383,8,7,Compact MLP,constrained_fpr_10pct,0.8120221062046784,357.9067990832697,40.67990832696715,575.1918158567775
0.6640780565511748,0.9658268172603534,0.7870206489675516,0.9525691699604744,0.5066288236499396,5224,3453,1771,0.6617605816789891,0.8127977654428121,9,12,Logistic Regression,fixed_0.5,0.5,961.3323124042879,322.9326186830015,34.173182739646684
0.6630434782608695,0.9716188821314798,0.7882062727593093,0.9627329192546584,0.5044429814384107,5224,3453,1771,0.6617605816789891,0.8127977654428121,9,12,Logistic Regression,max_f1,0.47435280695820514,968.6064318529862,326.3782542113323,28.38111786852013
0.7715803452855245,0.5047784535186794,0.6102941176470589,0.29136081309994355,0.606708820209368,5224,3453,1771,0.6617605816789891,0.8127977654428121,9,12,Logistic Regression,max_youden_j,0.7191494775503531,432.427258805513,98.77488514548239,495.2215464813206
0.8484447385837194,0.37127135823921226,0.5165189363416599,0.1293054771315641,0.6209829405538241,5224,3453,1771,0.6617605816789891,0.8127977654428121,9,12,Logistic Regression,constrained_fpr_10pct,0.7513560133538983,289.2419601837672,43.83614088820827,628.7286417607877
0.7124546553808948,0.8531711555169418,0.7764891934633632,0.6713721061547149,0.5908995246811135,5224,3453,1771,0.6299072501051876,0.7507597880711496,9,12,Random Forest,fixed_0.5,0.5,791.5390505359877,227.60336906584993,146.82884448305822
0.7197034502423724,0.7309585867361714,0.725287356321839,0.5550536420101637,0.5879524723630039,5224,3453,1771,0.6299072501051876,0.7507597880711496,9,12,Random Forest,max_f1,0.63,671.3246554364472,188.16998468606434,269.0414132638286
0.7197034502423724,0.7309585867361714,0.725287356321839,0.5550536420101637,0.5879524723630039,5224,3453,1771,0.6299072501051876,0.7507597880711496,9,12,Random Forest,max_youden_j,0.63,671.3246554364472,188.16998468606434,269.0414132638286
0.7197034502423724,0.7309585867361714,0.725287356321839,0.5550536420101637,0.5879524723630039,5224,3453,1771,0.6299072501051876,0.7507597880711496,9,12,Random Forest,constrained_fpr_10pct,0.63,671.3246554364472,188.16998468606434,269.0414132638286
0.706298828125,0.8378221836084564,0.7664591336600874,0.6792772444946358,0.5792724695569103,5224,3453,1771,0.6682365092065541,0.8213136530214555,9,12,XGBoost,fixed_0.5,0.5,784.0735068912711,230.2833078101072,162.1778163915436
0.7127013467124372,0.7816391543585288,0.7455801104972376,0.6143421795595708,0.5836484873994789,5224,3453,1771,0.6682365092065541,0.8213136530214555,9,12,XGBoost,max_f1,0.5737882852554321,724.9234303215927,208.26952526799388,218.36084564147117
0.7142857142857143,0.7312481899797277,0.7226674298797939,0.5702992659514399,0.580474462014144,5224,3453,1771,0.6682365092065541,0.8213136530214555,9,12,XGBoost,max_youden_j,0.6387782096862793,676.6845329249617,193.33843797856048,268.7518100202722
0.7102317104920594,0.7900376484216624,0.7480120647107211,0.6284584980237155,0.5807895751989735,5224,3453,1771,0.6682365092065541,0.8213136530214555,9,12,XGBoost,constrained_fpr_10pct,0.55977863073349,735.2603369065849,213.05513016845327,209.9623515783377
0.7018030513176144,0.8792354474370113,0.7805630543771693,0.7284020327498588,0.5754167073435763,5224,3453,1771,0.6720286600919699,0.8240974967224333,9,12,Compact MLP,fixed_0.5,0.5,828.1010719754977,246.93721286370598,120.76455256298871
0.693604905825668,0.9171734723428903,0.7898740491333084,0.7899491812535291,0.5636121455446805,5224,3453,1771,0.6720286600919699,0.8240974967224333,9,12,Compact MLP,max_f1,0.43105499828408955,874.042879019908,267.80245022970905,82.82652765710976
0.7242718446601941,0.6481320590790617,0.6840898670334709,0.4810841332580463,0.5835239629105077,5224,3453,1771,0.6720286600919699,0.8240974967224333,9,12,Compact MLP,max_youden_j,0.6837727722523228,591.5007656967841,163.09341500765697,351.86794092093834
0.779275092936803,0.48566463944396177,0.5983942908117752,0.2682100508187465,0.6087272943126076,5224,3453,1771,0.6720286600919699,0.8240974967224333,9,12,Compact MLP,constrained_fpr_10pct,0.7726399334290779,411.9448698315467,90.92649310872893,514.3353605560383
0.6610845295055822,0.9747207524985303,0.7878355904015205,0.9444444444444444,0.5151381540270429,5202,3402,1800,0.6362322816643804,0.784512877904086,10,4,Logistic Regression,fixed_0.5,0.5,964.2445213379469,326.79738562091507,25.279247501469726
0.6568186264918803,0.9867724867724867,0.7886761423704922,0.9744444444444444,0.5061640211640211,5202,3402,1800,0.6362322816643804,0.784512877904086,10,4,Logistic Regression,max_f1,0.4478134880607302,982.5067281814687,337.17800845828526,13.227513227513226
0.7787934186471663,0.37566137566137564,0.5068411659726353,0.20166666666666666,0.5869973544973545,5202,3402,1800,0.6362322816643804,0.784512877904086,10,4,Logistic Regression,max_youden_j,0.7280092808542037,315.45559400230684,69.78085351787774,624.3386243386243
0.7919407894736842,0.2830687830687831,0.41706366392377653,0.14055555555555554,0.5712566137566137,5202,3402,1800,0.6362322816643804,0.784512877904086,10,4,Logistic Regression,constrained_fpr_10pct,0.7502828370847552,233.75624759707804,48.63514033064206,716.931216931217
0.7109207708779444,0.8783068783068783,0.7857988165680473,0.675,0.6016534391534392,5202,3402,1800,0.6529958684433993,0.7587619029311576,10,4,Random Forest,fixed_0.5,0.5,807.9584775086506,233.56401384083046,121.69312169312168
0.7184549356223175,0.7380952380952381,0.7281426707264028,0.5466666666666666,0.5957142857142858,5202,3402,1800,0.6529958684433993,0.7587619029311576,10,4,Random Forest,max_f1,0.625,671.8569780853518,189.15801614763552,261.9047619047619
0.7184549356223175,0.7380952380952381,0.7281426707264028,0.5466666666666666,0.5957142857142858,5202,3402,1800,0.6529958684433993,0.7587619029311576,10,4,Random Forest,max_youden_j,0.625,671.8569780853518,189.15801614763552,261.9047619047619
0.7184549356223175,0.7380952380952381,0.7281426707264028,0.5466666666666666,0.5957142857142858,5202,3402,1800,0.6529958684433993,0.7587619029311576,10,4,Random Forest,constrained_fpr_10pct,0.625,671.8569780853518,189.15801614763552,261.9047619047619
0.7073884418434528,0.8527336860670194,0.7732906837265094,0.6666666666666666,0.5930335097001763,5202,3402,1800,0.6635988634136782,0.79975489367036,10,4,XGBoost,fixed_0.5,0.5,788.3506343713956,230.68050749711648,147.26631393298058
0.7107868681605003,0.8018812463256908,0.7535911602209945,0.6166666666666667,0.592607289829512,5202,3402,1800,0.6635988634136782,0.79975489367036,10,4,XGBoost,max_f1,0.5750904083251953,737.7931564782776,213.37946943483277,198.11875367430923
0.7129266927811976,0.7489711934156379,0.7305045871559633,0.57,0.589485596707819,5202,3402,1800,0.6635988634136782,0.79975489367036,10,4,XGBoost,max_youden_j,0.6322616934776306,687.043444828912,197.2318339100346,251.02880658436217
0.710929519918284,0.818342151675485,0.7608636239409675,0.6288888888888889,0.5947266313932981,5202,3402,1800,0.6635988634136782,0.79975489367036,10,4,XGBoost,constrained_fpr_10pct,0.5583028197288513,752.7873894655902,217.6086120722799,181.657848324515
0.6996353691886964,0.9024103468547913,0.7881899871630296,0.7322222222222222,0.5850940623162846,5202,3402,1800,0.6923985890652558,0.8179006666751614,10,4,Compact MLP,fixed_0.5,0.5,843.521722414456,253.36409073433296,97.5896531452087
0.6936658574266167,0.9238683127572016,0.7923862347157443,0.7711111111111111,0.5763786008230453,5202,3402,1800,0.6923985890652558,0.8179006666751614,10,4,Compact MLP,max_f1,0.4766490737361747,871.0111495578624,266.8204536716647,76.13168724279835
0.7724665391969407,0.5937683715461494,0.6714309456539804,0.33055555555555555,0.6316064079952969,5202,3402,1800,0.6923985890652558,0.8179006666751614,10,4,Compact MLP,max_youden_j,0.7266623788878801,502.69127258746636,114.37908496732025,406.2316284538507
0.8132387706855791,0.4044679600235156,0.5402434236356498,0.17555555555555555,0.61445620223398,5202,3402,1800,0.6923985890652558,0.8179006666751614,10,4,Compact MLP,constrained_fpr_10pct,0.8148882180187283,325.25951557093424,60.74586697424068,595.5320399764844
0.7329638752052545,0.9703804347826087,0.8351262862488307,0.8784604996623903,0.5459599675601092,5161,3680,1481,0.6432402827114464,0.8343258203655388,11,5,Logistic Regression,fixed_0.5,0.5,944.0031001743848,252.08292966479362,29.619565217391305
0.7130401085061034,1.0,0.8324850130075784,1.0,0.5,5161,3680,1481,0.6432402827114464,0.8343258203655388,11,5,Logistic Regression,max_f1,0.0016784716483381314,1000.0,286.9598914938966,0.0
0.8167976424361493,0.4519021739130435,0.5818754373687893,0.2518568534773801,0.6000226602178317,5161,3680,1481,0.6432402827114464,0.8343258203655388,11,5,Logistic Regression,max_youden_j,0.7093631422451463,394.49719046696373,72.27281534586321,548.0978260869566
0.8941925218774861,0.30543478260869567,0.4553372493417055,0.08980418636056718,0.6078152981240642,5161,3680,1481,0.6432402827114464,0.8343258203655388,11,5,Logistic Regression,constrained_fpr_10pct,0.7458995753521525,243.5574501065685,25.77019957372602,694.5652173913044
0.7629402032616402,0.8771739130434782,0.8160788775123247,0.6772451046590142,0.5999644041922321,5161,3680,1481,0.6821172349763673,0.8143493552917246,11,5,Random Forest,fixed_0.5,0.5,819.8023638829685,194.34218174772332,122.82608695652173
0.7935664335664335,0.7709239130434783,0.7820813232253618,0.49831195138419987,0.6363059808296392,5161,3680,1481,0.6821172349763673,0.8143493552917246,11,5,Random Forest,max_f1,0.625,692.6952141057935,142.99554349932183,229.07608695652175
0.7935664335664335,0.7709239130434783,0.7820813232253618,0.49831195138419987,0.6363059808296392,5161,3680,1481,0.6821172349763673,0.8143493552917246,11,5,Random Forest,max_youden_j,0.625,692.6952141057935,142.99554349932183,229.07608695652175
0.7935664335664335,0.7709239130434783,0.7820813232253618,0.49831195138419987,0.6363059808296392,5161,3680,1481,0.6821172349763673,0.8143493552917246,11,5,Random Forest,constrained_fpr_10pct,0.625,692.6952141057935,142.99554349932183,229.07608695652175
0.7683491831260668,0.85625,0.8099216039069528,0.6414584740040513,0.6073957629979743,5161,3680,1481,0.6855152584916184,0.8514951810476261,11,5,XGBoost,fixed_0.5,0.5,794.6134470063942,184.07285409804302,143.75
0.7748121274941695,0.8125,0.7932086483618517,0.5867656988521269,0.6128671505739365,5161,3680,1481,0.6855152584916184,0.8514951810476261,11,5,XGBoost,max_f1,0.5747412443161011,747.7233094361559,168.37822127494672,187.5
0.7824126268320181,0.7543478260869565,0.7681239623685667,0.5212694125590817,0.6165392067639374,5161,3680,1481,0.6855152584916184,0.8514951810476261,11,5,XGBoost,max_youden_j,0.6490898728370667,687.4636698314281,149.58341406704125,245.65217391304347
0.7733914380927968,0.8198369565217392,0.7959372114496768,0.5968939905469277,0.6114714829874057,5161,3680,1481,0.6855152584916184,0.8514951810476261,11,5,XGBoost,constrained_fpr_10pct,0.5637909173965454,755.8612671962798,171.2846347607053,180.16304347826087
0.742653810835629,0.8790760869565217,0.8051269288203086,0.7569209993247805,0.5610775438158706,5161,3680,1481,0.658629047647007,0.839640598898647,11,5,Compact MLP,fixed_0.5,0.5,844.0224762642898,217.20596783569076,120.92391304347825
0.7397628104721414,0.8983695652173913,0.8113879003558719,0.7852802160702228,0.5565446745735843,5161,3680,1481,0.658629047647007,0.839640598898647,11,5,Compact MLP,max_f1,0.4770662557781907,865.9174578570045,225.34392559581477,101.63043478260869
0.79766860949209,0.5206521739130435,0.6300559026635975,0.3281566509115463,0.5962477615007487,5161,3680,1481,0.658629047647007,0.839640598898647,11,5,Compact MLP,max_youden_j,0.7211845991872029,465.41367951947296,94.1677969385778,479.3478260869565
0.8438475952529669,0.3671195652173913,0.5116455216814997,0.1688048615800135,0.5991573518186889,5161,3680,1481,0.658629047647007,0.839640598898647,11,5,Compact MLP,constrained_fpr_10pct,0.7920818802109918,310.2111993799651,48.4402247626429,632.8804347826087
0.7475076297049847,0.9766081871345029,0.8468364642157428,0.9172209903917221,0.5296935983713904,5115,3762,1353,0.6810350755385182,0.8686085669257152,12,14,Logistic Regression,fixed_0.5,0.5,960.8993157380255,242.6197458455523,23.391812865497073
0.7447842819526028,0.9774056353003722,0.8453845269571215,0.9312638580931264,0.5230708886036229,5115,3762,1353,0.6810350755385182,0.8686085669257152,12,14,Logistic Regression,max_f1,0.4797512109843983,965.2003910068427,246.3343108504399,22.594364699627857
0.8330625507717303,0.5451887293992557,0.6590616966580977,0.30376940133037694,0.6207096640344394,5115,3762,1353,0.6810350755385182,0.8686085669257152,12,14,Logistic Regression,max_youden_j,0.6996464544658767,481.3294232649071,80.35190615835778,454.81127060074425
0.9168797953964194,0.38118022328548645,0.5384904243334585,0.09608277900960828,0.6425487221379391,5115,3762,1353,0.6810350755385182,0.8686085669257152,12,14,Logistic Regression,constrained_fpr_10pct,0.7447696152382614,305.7673509286413,25.415444770283482,618.8197767145136
0.7690642290113062,0.8498139287612971,0.807425179946963,0.7095343680709535,0.5701397803451719,5115,3762,1353,0.6562797029304206,0.8396626497369171,12,14,Random Forest,fixed_0.5,0.5,812.7077223851418,187.683284457478,150.18607123870282
0.7904243119266054,0.7328548644338118,0.760551724137931,0.5402808573540281,0.5962870035398918,5115,3762,1353,0.6562797029304206,0.8396626497369171,12,14,Random Forest,max_f1,0.63,681.9159335288367,142.9130009775171,267.1451355661882
0.7904243119266054,0.7328548644338118,0.760551724137931,0.5402808573540281,0.5962870035398918,5115,3762,1353,0.6562797029304206,0.8396626497369171,12,14,Random Forest,max_youden_j,0.63,681.9159335288367,142.9130009775171,267.1451355661882
0.7904243119266054,0.7328548644338118,0.760551724137931,0.5402808573540281,0.5962870035398918,5115,3762,1353,0.6562797029304206,0.8396626497369171,12,14,Random Forest,constrained_fpr_10pct,0.63,681.9159335288367,142.9130009775171,267.1451355661882
0.7735073724921441,0.8506113769271664,0.8102291429294848,0.6925351071692535,0.5790381348789564,5115,3762,1353,0.6925633980132755,0.8774012416569025,12,14,XGBoost,fixed_0.5,0.5,808.7976539589444,183.18670576735093,149.3886230728336
0.785227867993714,0.796916533758639,0.7910290237467018,0.6060606060606061,0.5954279638490165,5115,3762,1353,0.6925633980132755,0.8774012416569025,12,14,XGBoost,max_f1,0.5810198783874512,746.4320625610949,160.3128054740958,203.08346624136098
0.7908163265306123,0.7416267942583732,0.7654320987654321,0.5454545454545454,0.5980861244019139,5115,3762,1353,0.6925633980132755,0.8774012416569025,12,14,XGBoost,max_youden_j,0.6483867168426514,689.7360703812317,144.28152492668622,258.3732057416268
0.7822726101520227,0.8070175438596491,0.7944524401413058,0.6245380635624538,0.5912397401485976,5115,3762,1353,0.6925633980132755,0.8774012416569025,12,14,XGBoost,constrained_fpr_10pct,0.5656899809837341,758.7487781036168,165.2003910068426,192.98245614035088
0.760623869801085,0.8944710260499734,0.8221353530417786,0.7827050997782705,0.5558829631358515,5115,3762,1353,0.6667580225171543,0.8612600963990139,12,14,Compact MLP,fixed_0.5,0.5,864.9071358748778,207.03812316715542,105.52897395002658
0.7589246364037021,0.9154704944178629,0.8298795180722891,0.8085735402808574,0.5534484770685028,5115,3762,1353,0.6667580225171543,0.8612600963990139,12,14,Compact MLP,max_f1,0.4728255519801401,887.1945259042034,213.88074291300097,84.52950558213716
0.8212166172106825,0.5885167464114832,0.6856611954165376,0.35624538063562455,0.6161356828879294,5115,3762,1353,0.6667580225171543,0.8612600963990139,12,14,Compact MLP,max_youden_j,0.7143964804193371,527.0772238514174,94.23264907135875,411.48325358851673
0.8423194303153612,0.44019138755980863,0.5782122905027933,0.22912047302291205,0.6055354572684483,5115,3762,1353,0.6667580225171543,0.8612600963990139,12,14,Compact MLP,constrained_fpr_10pct,0.8172854617491426,384.3597262952101,60.60606060606061,559.8086124401914
0.7049180327868853,0.975886524822695,0.8185603807257584,0.9326424870466321,0.5216220188880314,5069,3525,1544,0.7269211406313159,0.8672218548277093,13,2,Logistic Regression,fixed_0.5,0.5,962.7145393568751,284.0797001380943,24.113475177304963
0.7039231712300776,0.9773049645390071,0.8183869818268202,0.9384715025906736,0.5194167309741667,5069,3525,1544,0.7269211406313159,0.8672218548277093,13,2,Logistic Regression,max_f1,0.4923574339481543,965.47642533044,285.8551982639574,22.69503546099291
0.8472095150960659,0.5253900709219859,0.6485729294344248,0.21632124352331605,0.654534413699335,5069,3525,1544,0.7269211406313159,0.8672218548277093,13,2,Logistic Regression,max_youden_j,0.7108137643561071,431.24876701519037,65.89070822647466,474.6099290780142
0.8976486860304288,0.36822695035460995,0.5222289277811305,0.09585492227979274,0.6361860140374086,5069,3525,1544,0.7269211406313159,0.8672218548277093,13,2,Logistic Regression,constrained_fpr_10pct,0.745088713191208,285.2633655553364,29.197080291970803,631.7730496453901
0.7394711067580804,0.8567375886524823,0.7937968195557892,0.689119170984456,0.5838092088340132,5069,3525,1544,0.6585057693014368,0.804713193344207,13,2,Random Forest,fixed_0.5,0.5,805.6815940027618,209.90333399092523,143.26241134751774
0.750997150997151,0.7478014184397163,0.7493958777540867,0.5660621761658031,0.5908696211369566,5069,3525,1544,0.6585057693014368,0.804713193344207,13,2,Random Forest,max_f1,0.6,692.4442690866049,172.42059577826,252.19858156028369
0.750997150997151,0.7478014184397163,0.7493958777540867,0.5660621761658031,0.5908696211369566,5069,3525,1544,0.6585057693014368,0.804713193344207,13,2,Random Forest,max_youden_j,0.6,692.4442690866049,172.42059577826,252.19858156028369
0.750997150997151,0.7478014184397163,0.7493958777540867,0.5660621761658031,0.5908696211369566,5069,3525,1544,0.6585057693014368,0.804713193344207,13,2,Random Forest,constrained_fpr_10pct,0.6,692.4442690866049,172.42059577826,252.19858156028369
0.7488473671438971,0.8754609929078014,0.8072194611561601,0.6703367875647669,0.6025621026715173,5069,3525,1544,0.6995825524565465,0.8556350163332439,13,2,XGBoost,fixed_0.5,0.5,812.9808640757545,204.18228447425525,124.53900709219857
0.7498041264037608,0.814468085106383,0.7807995648626598,0.6204663212435233,0.5970008819314299,5069,3525,1544,0.6995825524565465,0.8556350163332439,13,2,XGBoost,max_f1,0.5844228267669678,755.3758137699743,188.99191161964885,185.53191489361703
0.7619734564339296,0.7492198581560283,0.7555428407953082,0.5343264248704663,0.607446716642781,5069,3525,1544,0.6995825524565465,0.8556350163332439,13,2,XGBoost,max_youden_j,0.663490355014801,683.7640560268297,162.75399487078317,250.78014184397162
0.7499358151476252,0.8286524822695035,0.7873315363881401,0.6308290155440415,0.598911733362731,5069,3525,1544,0.6995825524565465,0.8556350163332439,13,2,XGBoost,constrained_fpr_10pct,0.5662181377410889,768.396133359637,192.14835273229434,171.34751773049643
0.7351502445842069,0.8953191489361703,0.807367613200307,0.7363989637305699,0.5794600926028002,5069,3525,1544,0.6882515709403594,0.8379892301615324,13,2,Compact MLP,fixed_0.5,0.5,846.9126060366937,224.30459656737028,104.68085106382979
0.7261744966442953,0.9208510638297872,0.8120075046904315,0.7927461139896373,0.5640524749200749,5069,3525,1544,0.6882515709403594,0.8379892301615324,13,2,Compact MLP,max_f1,0.4598367210684247,881.8307358453343,241.46774511738013,79.14893617021276
0.8037602820211516,0.5821276595744681,0.6752221125370188,0.3244818652849741,0.6288228971447469,5069,3525,1544,0.6882515709403594,0.8379892301615324,13,2,Compact MLP,max_youden_j,0.7260407618710554,503.6496350364964,98.83606233971197,417.8723404255319
0.8401084010840109,0.4397163120567376,0.5772811918063314,0.19106217616580312,0.6243270679454672,5069,3525,1544,0.6882515709403594,0.8379892301615324,13,2,Compact MLP,constrained_fpr_10pct,0.7882632407139347,363.97711580193334,58.196883014401266,560.2836879432624
0.7065330828637028,0.9699140401146131,0.817534114237411,0.9519295870006771,0.5089922265569681,4967,3490,1477,0.6479578949818905,0.8276496575920638,14,6,Logistic Regression,fixed_0.5,0.5,964.5661365009059,283.06825045298973,30.085959885386817
0.7067575945443273,0.9799426934097422,0.8212270380597911,0.960731211916046,0.5096057407468481,4967,3490,1477,0.6479578949818905,0.8276496575920638,14,6,Logistic Regression,max_f1,0.46631084328610883,974.2299174552044,285.68552446144554,20.05730659025788
0.8185146443514645,0.4484240687679083,0.579415031469826,0.23493568043331076,0.6067441941672987,4967,3490,1477,0.6479578949818905,0.8276496575920638,14,6,Logistic Regression,max_youden_j,0.7177721230335593,384.94060801288504,69.86108314878196,551.5759312320916
0.8872919818456884,0.3361031518624642,0.48753117206982544,0.1008801624915369,0.6176114946854636,4967,3490,1477,0.6479578949818905,0.8276496575920638,14,6,Logistic Regression,constrained_fpr_10pct,0.7484906353135962,266.1566337829676,29.997986712301188,663.8968481375358
0.7466531952513261,0.8469914040114613,0.7936635790038932,0.6790792146242384,0.5839560946936115,4967,3490,1477,0.6559736397444677,0.8150857688779949,14,6,Random Forest,fixed_0.5,0.5,797.0605999597342,201.9327561908597,153.0085959885387
0.7632063882063882,0.7120343839541547,0.7367328787429588,0.5220040622884224,0.5950151608328661,4967,3490,1477,0.6559736397444677,0.8150857688779949,14,6,Random Forest,max_f1,0.625,655.5264747332393,155.22448157841757,287.96561604584525
0.7632063882063882,0.7120343839541547,0.7367328787429588,0.5220040622884224,0.5950151608328661,4967,3490,1477,0.6559736397444677,0.8150857688779949,14,6,Random Forest,max_youden_j,0.625,655.5264747332393,155.22448157841757,287.96561604584525
0.7632063882063882,0.7120343839541547,0.7367328787429588,0.5220040622884224,0.5950151608328661,4967,3490,1477,0.6559736397444677,0.8150857688779949,14,6,Random Forest,constrained_fpr_10pct,0.625,655.5264747332393,155.22448157841757,287.96561604584525
0.7361357305646999,0.8329512893982808,0.781556660841511,0.7054840893703453,0.5637336000139678,4967,3490,1477,0.6617946041790743,0.8423369826227634,14,6,XGBoost,fixed_0.5,0.5,795.047312260922,209.7845782162271,167.0487106017192
0.7414355628058727,0.7813753581661891,0.7608816964285714,0.6438727149627623,0.5687513216017134,4967,3490,1477,0.6617946041790743,0.8423369826227634,14,6,XGBoost,max_f1,0.5810837745666504,740.4872156231125,191.46366015703646,218.6246418338109
0.7503679717397704,0.7303724928366763,0.740235225787716,0.5741367637102234,0.5781178645632264,4967,3490,1477,0.6617946041790743,0.8423369826227634,14,6,XGBoost,max_youden_j,0.6415025591850281,683.9138312864909,170.7267968592712,269.6275071633238
0.7398439601829432,0.7879656160458453,0.7631469404745387,0.6547054840893703,0.5666300659782375,4967,3490,1477,0.6617946041790743,0.8423369826227634,14,6,XGBoost,constrained_fpr_10pct,0.5720959305763245,748.33903764848,194.6849204751359,212.03438395415472
0.7240494518311174,0.8893982808022922,0.7982512536967983,0.8009478672985783,0.544225206751857,4967,3490,1477,0.6497645851480097,0.8363707583847858,14,6,Compact MLP,fixed_0.5,0.5,863.096436480773,238.17193476947855,110.60171919770774
0.7122207621550591,0.9318051575931232,0.8073485600794439,0.8896411645226812,0.521081996535221,4967,3490,1477,0.6497645851480097,0.8363707583847858,14,6,Compact MLP,max_f1,0.4377196644576747,919.2671632776323,264.54600362391784,68.19484240687679
0.7960088691796009,0.5143266475644699,0.6248912097476066,0.3114421123899797,0.6014422675872451,4967,3490,1477,0.6497645851480097,0.8363707583847858,14,6,Compact MLP,max_youden_j,0.7321898132301111,453.99637608214215,92.61123414535938,485.67335243553003
0.8454489920586439,0.3965616045845272,0.5398868734152525,0.17129316181448884,0.6126342213850192,4967,3490,1477,0.6497645851480097,0.8363707583847858,14,6,Compact MLP,constrained_fpr_10pct,0.7928289947223315,329.57519629555065,50.93617877994765,603.4383954154728
0.7815734989648033,0.9764614588722194,0.8682152713891444,0.9590909090909091,0.5086852748906552,4966,3866,1100,0.7185122042985468,0.9095523893634441,15,1,Logistic Regression,fixed_0.5,0.5,972.613773660894,212.44462343938784,23.53854112778065
0.7792820512820513,0.9826694257630626,0.8692369294131106,0.9781818181818182,0.5022438037906222,4966,3866,1100,0.7185122042985468,0.9095523893634441,15,1,Logistic Regression,max_f1,0.4527574111444255,981.6753926701571,216.67337897704388,17.3305742369374
0.9053280493174812,0.5318158303155717,0.670034218673619,0.19545454545454546,0.6681806424305131,4966,3866,1100,0.7185122042985468,0.9095523893634441,15,1,Logistic Regression,max_youden_j,0.705556981142237,457.3097060008055,43.29440193314539,468.18416968442835
0.9598997493734336,0.3962752198654941,0.560966678872208,0.05818181818181818,0.6690467008418379,4966,3866,1100,0.7185122042985468,0.9095523893634441,15,1,Logistic Regression,constrained_fpr_10pct,0.7394025369170004,321.38542086186067,12.887635924285139,603.724780134506
0.8208469055374593,0.8473874806001035,0.8339060710194731,0.65,0.5986937403000517,4966,3866,1100,0.6937648732540094,0.8849927802965882,15,1,Random Forest,fixed_0.5,0.5,803.6649214659685,143.97905759162305,152.61251939989654
0.8351808634772462,0.7405587170201758,0.7850287907869482,0.5136363636363637,0.6134611766919061,4966,3866,1100,0.6937648732540094,0.8849927802965882,15,1,Random Forest,max_f1,0.615,690.2939991945227,113.77366089407974,259.4412829798241
0.8351808634772462,0.7405587170201758,0.7850287907869482,0.5136363636363637,0.6134611766919061,4966,3866,1100,0.6937648732540094,0.8849927802965882,15,1,Random Forest,max_youden_j,0.615,690.2939991945227,113.77366089407974,259.4412829798241
0.8351808634772462,0.7405587170201758,0.7850287907869482,0.5136363636363637,0.6134611766919061,4966,3866,1100,0.6937648732540094,0.8849927802965882,15,1,Random Forest,constrained_fpr_10pct,0.615,690.2939991945227,113.77366089407974,259.4412829798241
0.8170854271356784,0.8411795137092603,0.8289574305378536,0.6618181818181819,0.5896806659455393,4966,3866,1100,0.7263972628509616,0.9132477320862331,15,1,XGBoost,fixed_0.5,0.5,801.449859041482,146.59685863874344,158.82048629073978
0.8301786190349241,0.8054837040869115,0.8176447420244191,0.5790909090909091,0.6131963974980013,4966,3866,1100,0.7263972628509616,0.9132477320862331,15,1,XGBoost,max_f1,0.5684053897857666,755.3362867498993,128.2722513089005,194.51629591308847
0.8424418604651163,0.7496120020693223,0.7933205584451136,0.49272727272727274,0.6284423646710249,4966,3866,1100,0.7263972628509616,0.9132477320862331,15,1,XGBoost,max_youden_j,0.6459895968437195,692.7104309303262,109.14216673378976,250.38799793067773
0.8304093567251462,0.8080703569580963,0.8190875721027793,0.58,0.6140351784790481,4966,3866,1100,0.7263972628509616,0.9132477320862331,15,1,XGBoost,constrained_fpr_10pct,0.5638633370399475,757.5513491743858,128.47362062021747,191.92964304190377
0.8067226890756303,0.8939472322814278,0.8480981595092024,0.7527272727272727,0.5706099797770775,4966,3866,1100,0.7016568687391244,0.9007801767921315,15,1,Compact MLP,fixed_0.5,0.5,862.6661296818365,166.733789770439,106.05276771857217
0.7923093634586139,0.9433523021210554,0.8612587082300154,0.8690909090909091,0.5371306965150732,4966,3866,1100,0.7016568687391244,0.9007801767921315,15,1,Compact MLP,max_f1,0.4415013755808732,926.9029399919451,192.50906161900926,56.64769787894464
0.8674211802748585,0.5550957061562338,0.6769716088328076,0.29818181818181816,0.6284569439872079,4966,3866,1100,0.7016568687391244,0.9007801767921315,15,1,Compact MLP,max_youden_j,0.7187077301868298,498.1876761981474,66.04913411196134,444.9042938437662
0.9077976817702845,0.4456802897051216,0.5978487161693269,0.1590909090909091,0.6432946903071063,4966,3866,1100,0.7016568687391244,0.9007801767921315,15,1,Compact MLP,constrained_fpr_10pct,0.7840217724653635,382.19895287958116,35.23962948046717,554.3197102948785
