feature,permutation_importance,shap_abs_Random Forest,shap_signed_Random Forest,shap_abs_XGBoost,shap_signed_XGBoost,rank_shap_abs_Random Forest,rank_shap_abs_XGBoost,permutation_rank,relay,signal_family,physical_description
R4-PM2:V,0.045468959691541536,0.023008361760994946,-0.0018859961993654758,0.5100738,0.12186824,2.0,3.0,1.0,R4,phase A-C voltage phase angles,phase A-C voltage phase angles
R2-PM1:V,0.016036344929610556,0.012828121221464244,0.0066995098728808745,0.107081965,-0.049542703,5.0,12.0,2.0,R2,phase A-C voltage phase angles,phase A-C voltage phase angles
R2-PM4:I,0.015271266059140176,0.0031401577967028805,-0.0007016836299444636,0.04338713,-0.01026327,26.0,43.0,3.0,R2,phase A-C current phase angles,phase A-C current phase angles
R4-PA:ZH,0.012888278196113979,0.008101913661773598,0.0012070847706570687,0.14397864,-0.021741355,8.0,6.0,4.0,R4,impedance,apparent impedance
R3-PA:Z,0.012304974202475371,0.0029509839200027523,-0.001304550143060657,0.09764385,-0.0046215644,29.0,14.0,5.0,R3,impedance,apparent impedance
R1-PA:ZH,0.012072403448215873,0.006095503127916399,-0.0011270883923999405,0.06615851,-0.007193931,11.0,27.0,6.0,R1,impedance,apparent impedance
R2-PM3:V,0.011150263835554786,0.007896078344029667,0.0022902207790114417,0.108971484,0.049244426,10.0,11.0,7.0,R2,phase A-C voltage phase angles,phase A-C voltage phase angles
R3-PA:ZH,0.010597886364219045,0.004063754077412074,-0.0016815349127921758,0.103403635,0.011056224,18.0,13.0,8.0,R3,impedance,apparent impedance
R3-PM2:V,0.01053257191064504,0.0259560835049611,0.011763104620492222,1.1783231,-0.39313194,1.0,1.0,9.0,R3,phase A-C voltage phase angles,phase A-C voltage phase angles
R1-PM10:I,0.010242443983583049,0.002255363130799779,-0.0004963999182592875,0.028850464,-0.02222804,65.0,69.0,10.0,R1,sequence current angles,sequence current angles
R3-PA1:VH,0.007705848122413583,0.002358233263876558,0.0004929081161645926,0.03073876,-0.008580668,57.0,66.0,11.0,R3,phase A-C voltage phase angles,phase A-C voltage phase angles
R3-PM10:I,0.0076007188887310395,0.0028646423587947003,-0.0014626930370181634,0.04167794,-0.013010399,33.0,45.0,12.0,R3,sequence current angles,sequence current angles
R3-PA4:IH,0.007321110576288659,0.00229248580625229,0.0008718388681267098,0.039359014,-0.020466302,61.0,52.0,13.0,R3,phase A-C current phase angles,phase A-C current phase angles
R1:F,0.006670500291042591,0.0010441222021078385,-1.0066971407697543e-05,0.04876108,-0.0005207458,86.0,36.0,14.0,R1,frequency,frequency
R2:F,0.006371528429141992,0.0010894335239687767,-0.0002524044731327115,0.046426207,0.008123377,85.0,39.0,15.0,R2,frequency,frequency
R2-PM11:I,0.005860972012490473,0.0025199479082729887,0.0008981826525603062,0.015050475,0.0025626456,50.0,92.0,16.0,R2,sequence current angles,sequence current angles
R2-PA3:VH,0.005346133873184144,0.0032715244545458775,9.758922591630742e-05,0.08102056,-0.058719892,25.0,18.0,17.0,R2,phase A-C voltage phase angles,phase A-C voltage phase angles
R2-PA10:IH,0.0047106931006913435,0.0024656271693638838,0.0003879102623629798,0.02745423,-0.0035437339,53.0,73.0,18.0,R2,sequence current angles,sequence current angles
R3-PA3:VH,0.00463939393610453,0.002864078254280286,0.00015383593724073257,0.03609325,-0.015642233,34.0,60.0,19.0,R3,phase A-C voltage phase angles,phase A-C voltage phase angles
R4:F,0.004481697820462127,0.0018293887865911843,-0.0004520569036725978,0.03736539,-0.026823396,78.0,56.0,20.0,R4,frequency,frequency
R1-PM7:V,0.004334480443584155,0.003706604089843675,-0.0002959847595215028,0.109066255,-0.10109902,21.0,10.0,21.0,R1,sequence voltage angles,sequence voltage angles
R4-PA10:IH,0.004002544431683875,0.0018690857791041906,6.168447613844502e-05,0.020155083,-0.0033752378,77.0,86.0,22.0,R4,sequence current angles,sequence current angles
R1-PM4:I,0.003882450982541841,0.0023901335659737505,-0.0011949935658334332,0.034224585,0.011815833,55.0,63.0,23.0,R1,phase A-C current phase angles,phase A-C current phase angles
R3-PA7:VH,0.0036976725562156585,0.002631883459403419,0.0003848422895191464,0.02775456,-0.025525782,45.0,72.0,24.0,R3,sequence voltage angles,sequence voltage angles
R3-PA11:IH,0.003663667161707196,0.0008523965648530471,-5.553426320811169e-05,0.018917168,0.0006489785,92.0,88.0,25.0,R3,sequence current angles,sequence current angles
R3-PM5:I,0.0036600113011802772,0.0037073241552851932,-0.0009483610705518701,0.081711866,-0.013041343,20.0,17.0,26.0,R3,phase A-C current phase angles,phase A-C current phase angles
R3-PA2:VH,0.003393197741855136,0.002989925315961791,-0.0003184458442080057,0.038518153,0.0050393157,27.0,55.0,27.0,R3,phase A-C voltage phase angles,phase A-C voltage phase angles
R4:S,0.0033413495131564665,0.00020066801822855382,-6.494641353195027e-05,0.007163114,-0.007114324,105.0,97.0,28.0,R4,relay status,relay status flag
R2-PA11:IH,0.0033380204852068718,0.0010393868417228958,-2.852841495863999e-05,0.021158667,-0.004795905,88.0,84.0,29.0,R2,sequence current angles,sequence current angles
R1-PM5:I,0.0026761133268074166,0.0037078154988550117,-3.2775625630642836e-05,0.08788124,-0.009749177,19.0,16.0,30.0,R1,phase A-C current phase angles,phase A-C current phase angles
R2-PA:ZH,0.002637674840789017,0.0051279512733246515,-2.9265878931854854e-05,0.18300144,0.009452161,14.0,5.0,31.0,R2,impedance,apparent impedance
R1-PA6:IH,0.0025839343153736594,0.0022264226526368686,0.000239794144169333,0.03977003,-0.0152128665,66.0,50.0,32.0,R1,phase A-C current phase angles,phase A-C current phase angles
relay4_log,0.0025374573391898636,0.0007689066443752315,0.0004674490091012175,0.0018158593,0.0018158593,95.0,102.0,33.0,System log,log,"control-panel, Snort, or relay-log measurement"
R3-PM4:I,0.0024381086416062625,0.002753245713942722,-0.001451132253214951,0.028829686,0.0031490638,40.0,70.0,34.0,R3,phase A-C current phase angles,phase A-C current phase angles
R4-PM1:V,0.0024256261371247145,0.00805209183426474,0.00023330199410516263,0.05890928,0.006819544,9.0,30.0,35.0,R4,phase A-C voltage phase angles,phase A-C voltage phase angles
R2-PA7:VH,0.002325349562271717,0.0022803010721010367,0.00023110609555460085,0.021489587,0.007245427,62.0,83.0,36.0,R2,sequence voltage angles,sequence voltage angles
R4-PA:Z,0.0022846115100213283,0.0028120464138687968,1.8595788469847902e-06,0.06906171,-0.033166446,37.0,25.0,37.0,R4,impedance,apparent impedance
R1-PM11:I,0.0021031290545837746,0.0016706338027363656,7.112369344236015e-05,0.018185979,0.0052267946,79.0,90.0,38.0,R1,sequence current angles,sequence current angles
R2-PA4:IH,0.0020955237089500976,0.0023397846350889464,0.0003368981711584737,0.036322348,0.005567548,58.0,59.0,39.0,R2,phase A-C current phase angles,phase A-C current phase angles
R1-PA7:VH,0.001772944901312079,0.002855053418359815,0.0005143175293177725,0.0129696475,-0.00917038,35.0,93.0,40.0,R1,sequence voltage angles,sequence voltage angles
R1-PM12:I,0.0016678842670806993,0.0020126826808319954,-0.00013314525628662038,0.024141442,-0.010165192,73.0,79.0,41.0,R1,sequence current angles,sequence current angles
R4-PA5:IH,0.0016271096076965086,0.0022775859814921765,0.00011700647821995545,0.053320095,-0.024359891,63.0,34.0,42.0,R4,phase A-C current phase angles,phase A-C current phase angles
R4-PM6:I,0.0014380047098819571,0.002763652023691265,-0.0007093955524057309,0.026827563,0.023793256,39.0,75.0,43.0,R4,phase A-C current phase angles,phase A-C current phase angles
R3-PA10:IH,0.0014261662089260162,0.002013656706362571,0.000549627710117927,0.054099537,0.029180806,72.0,32.0,44.0,R3,sequence current angles,sequence current angles
R2-PM2:V,0.0013430725485974015,0.004460747258954981,0.0007688558618428869,0.06476912,-0.050826214,15.0,28.0,45.0,R2,phase A-C voltage phase angles,phase A-C voltage phase angles
R3-PM12:I,0.001291769853733471,0.002029307539630473,0.0001063303941111151,0.027368292,-0.00514638,71.0,74.0,46.0,R3,sequence current angles,sequence current angles
R2-PM5:I,0.0012689272573632947,0.0032785227737677706,-0.00015548946789948324,0.10933634,-0.047114342,24.0,9.0,47.0,R2,phase A-C current phase angles,phase A-C current phase angles
R1:S,0.0011086624188658468,8.141216559141227e-05,-6.116759870968344e-06,0.0064531793,-0.0057390262,111.0,98.0,48.0,R1,relay status,relay status flag
R4-PM10:I,0.0008274629378246634,0.0028107899136641584,0.00010973096436197188,0.071169965,-0.01054319,38.0,23.0,49.0,R4,sequence current angles,sequence current angles
R3:F,0.000783028961886989,0.001269511741378877,-0.0006813382339834732,0.037067216,0.0043559517,83.0,57.0,50.0,R3,frequency,frequency
R4:DF,0.0007676700781824141,0.0003963327015136044,-8.584996908421015e-05,0.016689818,-0.0021732894,100.0,91.0,51.0,R4,frequency change,frequency change
R2-PM6:I,0.0006438192392602904,0.0026900364337540433,-0.0006870405055344365,0.022194205,0.000120713485,41.0,82.0,52.0,R2,phase A-C current phase angles,phase A-C current phase angles
R2-PA1:VH,0.0005537207227987895,0.0026050155071607184,0.0007266594640601103,0.029367778,0.010744998,47.0,68.0,53.0,R2,phase A-C voltage phase angles,phase A-C voltage phase angles
R3-PM6:I,0.0003078955645896997,0.002972248974572753,-0.0019359507731764886,0.060505953,0.01459091,28.0,29.0,54.0,R3,phase A-C current phase angles,phase A-C current phase angles
R4-PM4:I,0.00023396615563193724,0.0029077178284704643,-0.0008118026126383217,0.04066708,-0.019889873,32.0,47.0,55.0,R4,phase A-C current phase angles,phase A-C current phase angles
R1-PM9:V,0.00022038230207680476,2.0386336771489538e-05,-1.5637484694743833e-05,0.000108623855,-0.000105537234,117.0,108.0,56.0,R1,sequence voltage angles,sequence voltage angles
R2:DF,0.00022038230207680476,0.0003466988102875461,-1.7144777121724932e-05,0.00902794,-0.00033082452,101.0,95.0,56.0,R2,frequency change,frequency change
relay2_log,0.00022038230207680476,0.0007678716794388587,0.00019357167908451965,0.0019089946,-4.8662887e-06,96.0,101.0,56.0,System log,log,"control-panel, Snort, or relay-log measurement"
R4-PM8:V,0.00010896849134293119,0.0003451818693867151,4.9210203948125245e-05,0.00021116101,-0.00021116101,102.0,105.0,59.0,R4,sequence voltage angles,sequence voltage angles
snort_log1,0.0,0.0,0.0,0.0,0.0,126.0,113.0,60.0,System log,log,"control-panel, Snort, or relay-log measurement"
relay3_log,0.0,0.0012417033694763725,0.0002130526884256456,0.0003085947,0.0001600593,84.0,104.0,60.0,System log,log,"control-panel, Snort, or relay-log measurement"
snort_log2,0.0,1.2363107017946415e-07,-1.2363107017946415e-07,0.0,0.0,125.0,113.0,60.0,System log,log,"control-panel, Snort, or relay-log measurement"
R3:S,0.0,0.00014864605976897802,6.13809881737449e-05,0.0020211078,0.0017655982,106.0,100.0,60.0,R3,relay status,relay status flag
R4-PA8:VH,0.0,0.00010925267788258823,5.512477581073283e-05,7.5663543e-06,7.071961e-06,109.0,112.0,60.0,R4,sequence voltage angles,sequence voltage angles
control_panel_log4,0.0,3.5286768396854884e-07,3.5286768396854884e-07,0.0,0.0,123.0,113.0,60.0,System log,log,"control-panel, Snort, or relay-log measurement"
R4-PA9:VH,0.0,2.960299125030481e-05,1.744550094785829e-05,4.662551e-05,4.662551e-05,116.0,109.0,60.0,R4,sequence voltage angles,sequence voltage angles
R3-PA9:VH,0.0,1.797918738429071e-05,1.4489155325684655e-05,0.0,0.0,119.0,113.0,60.0,R3,sequence voltage angles,sequence voltage angles
relay1_log,0.0,0.00022875944558254976,0.0001806341185602846,0.00018527503,0.00014585246,103.0,107.0,60.0,System log,log,"control-panel, Snort, or relay-log measurement"
snort_log3,0.0,0.0,0.0,0.0,0.0,126.0,113.0,60.0,System log,log,"control-panel, Snort, or relay-log measurement"
control_panel_log1,0.0,9.242808666686424e-07,9.242808666686424e-07,0.0,0.0,122.0,113.0,60.0,System log,log,"control-panel, Snort, or relay-log measurement"
control_panel_log2,0.0,2.222899172539918e-06,2.222899172539918e-06,0.0,0.0,121.0,113.0,60.0,System log,log,"control-panel, Snort, or relay-log measurement"
control_panel_log3,0.0,1.509159704698831e-07,1.509159704698831e-07,0.0,0.0,124.0,113.0,60.0,System log,log,"control-panel, Snort, or relay-log measurement"
R3-PM9:V,0.0,0.00014738236520505654,5.5013147840133815e-05,2.9661656e-05,-2.9661656e-05,107.0,110.0,60.0,R3,sequence voltage angles,sequence voltage angles
snort_log4,0.0,0.0,0.0,0.0,0.0,126.0,113.0,60.0,System log,log,"control-panel, Snort, or relay-log measurement"
R2-PM8:V,0.0,0.0013358905732720778,0.000747092365047659,0.00019770021,-0.00019770021,82.0,106.0,60.0,R2,sequence voltage angles,sequence voltage angles
R2:S,0.0,1.5434842283171864e-05,1.2268870260187161e-05,0.0,0.0,120.0,113.0,60.0,R2,relay status,relay status flag
R1-PA8:VH,0.0,5.458091121355009e-05,5.3340206207800565e-05,0.0,0.0,113.0,113.0,60.0,R1,sequence voltage angles,sequence voltage angles
R1-PM8:V,0.0,0.00020135977404769722,0.00010085270688032926,0.0,0.0,104.0,113.0,60.0,R1,sequence voltage angles,sequence voltage angles
R1-PA9:VH,0.0,3.0318092900101318e-05,3.0318092900101318e-05,1.0900734e-05,1.0900734e-05,115.0,111.0,60.0,R1,sequence voltage angles,sequence voltage angles
R2-PA8:VH,0.0,7.025340363115814e-05,5.162242285783151e-05,0.0,0.0,112.0,113.0,60.0,R2,sequence voltage angles,sequence voltage angles
R3-PA8:VH,0.0,5.144224472987265e-05,2.592300383059554e-05,0.0,0.0,114.0,113.0,60.0,R3,sequence voltage angles,sequence voltage angles
R2-PA9:VH,0.0,2.0105167139968994e-05,8.958607883244837e-06,0.0,0.0,118.0,113.0,60.0,R2,sequence voltage angles,sequence voltage angles
R2-PM9:V,0.0,0.00010536053073538116,6.571076816555999e-05,0.0,0.0,110.0,113.0,60.0,R2,sequence voltage angles,sequence voltage angles
R3-PM3:V,-0.0001864034235489198,0.0036017732387732676,-0.0003753889872184507,0.13351656,0.07813736,23.0,7.0,84.0,R3,phase A-C voltage phase angles,phase A-C voltage phase angles
R3-PM7:V,-0.0002547318834212553,0.005702655584220638,0.0036730019840163523,0.073663324,-0.06761449,12.0,21.0,85.0,R3,sequence voltage angles,sequence voltage angles
R3-PM8:V,-0.0003321038857684977,0.0008247898643383929,0.0003630390071975402,0.007583068,-0.007583068,93.0,96.0,86.0,R3,sequence voltage angles,sequence voltage angles
R4-PA7:VH,-0.0005493792816677279,0.002436405125952657,0.00011692962555559183,0.022417964,0.009450816,54.0,81.0,87.0,R4,sequence voltage angles,sequence voltage angles
R4-PM9:V,-0.0006642077715369954,0.0001266950019648078,7.828515447745903e-06,0.0009829438,-0.0009829438,108.0,103.0,88.0,R4,sequence voltage angles,sequence voltage angles
R4-PM11:I,-0.0007741030781807989,0.002654542989032828,0.0005366491806017684,0.04710853,0.006811742,44.0,37.0,89.0,R4,sequence current angles,sequence current angles
R1-PA:Z,-0.0007958839440348808,0.002311416219917204,-0.0011066381081633323,0.044731025,-0.0054484545,60.0,40.0,90.0,R1,impedance,apparent impedance
R3:DF,-0.0008897952032639212,0.00041765791601707636,-2.5048501790803477e-05,0.0059749787,0.003604863,99.0,99.0,91.0,R3,frequency change,frequency change
R2-PM7:V,-0.0008946651174547738,0.008769320869166184,0.004190902974173057,0.07470713,-0.0369891,7.0,20.0,92.0,R2,sequence voltage angles,sequence voltage angles
R1:DF,-0.0011114206554437734,0.0005346258062186419,5.6191708278554335e-05,0.020773198,0.004918011,98.0,85.0,93.0,R1,frequency change,frequency change
R2-PM12:I,-0.0012218974165043805,0.001881731649776646,-0.00010713683296141832,0.009517722,-0.003303666,76.0,94.0,94.0,R2,sequence current angles,sequence current angles
R2-PA5:IH,-0.0013112306757846915,0.0023626061809880767,0.00035089560071409966,0.051185213,0.014536997,56.0,35.0,95.0,R2,phase A-C current phase angles,phase A-C current phase angles
R1-PM2:V,-0.0013884710573006554,0.015183801079865633,0.0037579398040516877,0.4100452,0.078620955,3.0,4.0,96.0,R1,phase A-C voltage phase angles,phase A-C voltage phase angles
R1-PA12:IH,-0.0017574485844748743,0.0008174221976800418,8.101702354658543e-05,0.040295888,0.0060118996,94.0,49.0,97.0,R1,sequence current angles,sequence current angles
R1-PA5:IH,-0.001872517326787404,0.002476360209164244,0.0003505616831558887,0.057103425,-0.0048965435,51.0,31.0,98.0,R1,phase A-C current phase angles,phase A-C current phase angles
R4-PM3:V,-0.001997177788394178,0.012055750318952516,0.0010627287857975193,0.034875575,-0.0077814506,6.0,61.0,99.0,R4,phase A-C voltage phase angles,phase A-C voltage phase angles
R4-PA3:VH,-0.0025197962737922076,0.002918018504460947,0.00036351813719251626,0.041341748,-0.015223959,31.0,46.0,100.0,R4,phase A-C voltage phase angles,phase A-C voltage phase angles
R1-PA11:IH,-0.002656815739191054,0.0007377565328795917,-1.6545769199292512e-05,0.018506397,0.0033560074,97.0,89.0,101.0,R1,sequence current angles,sequence current angles
R4-PM12:I,-0.002753225209612875,0.002820736763388938,0.00024296601632117488,0.026672287,-0.016946165,36.0,76.0,102.0,R4,sequence current angles,sequence current angles
R4-PA4:IH,-0.0032087101602134905,0.0016589049743150844,1.1380252617578207e-05,0.019696519,0.0043321494,80.0,87.0,103.0,R4,phase A-C current phase angles,phase A-C current phase angles
R1-PA4:IH,-0.0032191563974182545,0.0014972940732863541,-2.5341318650909228e-05,0.034038752,-0.0032978004,81.0,64.0,104.0,R1,phase A-C current phase angles,phase A-C current phase angles
R2-PM10:I,-0.0033049287610435463,0.0026785356569365188,-0.0007725675856345516,0.028222475,-0.0010682107,42.0,71.0,105.0,R2,sequence current angles,sequence current angles
R3-PM11:I,-0.0035332089775840015,0.002605373353515914,0.0005962084591359587,0.038569354,-0.02019886,46.0,54.0,106.0,R3,sequence current angles,sequence current angles
R4-PA12:IH,-0.003752117743037642,0.0009248193335002604,-0.00023950697886134415,0.0342557,-0.004952574,91.0,62.0,107.0,R4,sequence current angles,sequence current angles
R4-PA11:IH,-0.003881195913926094,0.0009906533874801662,-3.942755132988656e-05,0.029630499,0.015862448,89.0,67.0,108.0,R4,sequence current angles,sequence current angles
R4-PA6:IH,-0.0038876938646249526,0.0021036293730273374,5.0202830725621876e-05,0.03888442,0.008435871,69.0,53.0,109.0,R4,phase A-C current phase angles,phase A-C current phase angles
R4-PA2:VH,-0.004093012824636233,0.002466422285349781,9.09143984445392e-05,0.046580028,0.007275239,52.0,38.0,110.0,R4,phase A-C voltage phase angles,phase A-C voltage phase angles
R1-PM6:I,-0.004185673340440277,0.002593113002354956,-0.000828221372710386,0.023438878,-0.0011934944,48.0,80.0,111.0,R1,phase A-C current phase angles,phase A-C current phase angles
R4-PM7:V,-0.0043873010024572,0.015155887267940933,-0.00102326810969568,0.067821205,0.05268274,4.0,26.0,112.0,R4,sequence voltage angles,sequence voltage angles
R3-PA12:IH,-0.004627573666131568,0.001043876172648971,-0.00028528276373841223,0.025001114,0.004315401,87.0,77.0,113.0,R3,sequence current angles,sequence current angles
R3-PM1:V,-0.005157673683889618,0.005568660712065279,0.0020880249261370962,0.75767016,0.7325228,13.0,2.0,114.0,R3,phase A-C voltage phase angles,phase A-C voltage phase angles
R1-PM3:V,-0.005244068096040944,0.0041172806128778805,0.0006220366956562329,0.04050918,0.010305268,17.0,48.0,115.0,R1,phase A-C voltage phase angles,phase A-C voltage phase angles
R2-PA12:IH,-0.005269493544666004,0.000979019271890855,-7.984134799198264e-05,0.044455454,0.0029315925,90.0,41.0,116.0,R2,sequence current angles,sequence current angles
R1-PA10:IH,-0.006274194187619408,0.0019321628961924198,0.00024573983817396516,0.033372875,-0.0015141489,75.0,65.0,117.0,R1,sequence current angles,sequence current angles
R3-PA6:IH,-0.006365188068768002,0.0019400373453181841,-0.00019410848687491294,0.036392737,0.0018342532,74.0,58.0,118.0,R3,phase A-C current phase angles,phase A-C current phase angles
R1-PA1:VH,-0.007143794564599748,0.002529945975195927,-6.0336900026818644e-05,0.043874912,0.03603513,49.0,42.0,119.0,R1,phase A-C voltage phase angles,phase A-C voltage phase angles
R1-PA3:VH,-0.007160600598885658,0.002151728638223389,3.211610906353918e-05,0.08064823,-0.013076794,68.0,19.0,120.0,R1,phase A-C voltage phase angles,phase A-C voltage phase angles
R1-PA2:VH,-0.007426413704688462,0.0026716187802745994,0.0007417089818112197,0.039726574,-0.010761062,43.0,51.0,121.0,R1,phase A-C voltage phase angles,phase A-C voltage phase angles
R4-PA1:VH,-0.008211859981119807,0.0023279122984076776,0.0005993600862973535,0.024929786,0.0064041778,59.0,78.0,122.0,R4,phase A-C voltage phase angles,phase A-C voltage phase angles
R3-PA5:IH,-0.008263572364435002,0.002046806893599796,0.00028876572888901345,0.07196996,-0.005583806,70.0,22.0,123.0,R3,phase A-C current phase angles,phase A-C current phase angles
R1-PM1:V,-0.008465693670251583,0.0042016375083047145,6.529429065084519e-05,0.12033296,0.023348354,16.0,8.0,124.0,R1,phase A-C voltage phase angles,phase A-C voltage phase angles
R2-PA:Z,-0.008527902486108485,0.0022580403255426647,-0.0010452820458840622,0.042625293,0.020200381,64.0,44.0,125.0,R2,impedance,apparent impedance
R4-PM5:I,-0.009733976621343177,0.003701700436457519,0.00021142393337496252,0.091077015,-0.017286379,22.0,15.0,126.0,R4,phase A-C current phase angles,phase A-C current phase angles
R2-PA2:VH,-0.010975002415328849,0.002950085125449362,-0.000199042856430545,0.053619284,-0.010888879,30.0,33.0,127.0,R2,phase A-C voltage phase angles,phase A-C voltage phase angles
R2-PA6:IH,-0.021468862872731788,0.002210018567950007,0.0005813701054360383,0.0692276,-0.005495696,67.0,24.0,128.0,R2,phase A-C current phase angles,phase A-C current phase angles
